2026-08-11 01:07:55.845 +05:30 [INF] HTTP OPTIONS /api/PnL/summary responded 204 in 2.0168 ms
2026-08-11 01:07:57.058 +05:30 [INF] Successfully fetched latest EOD prices for 11 securities as of "2026-03-31"
2026-08-11 01:07:58.158 +05:30 [ERR] HTTP GET /api/PnL/summary responded 500 in 2281.3839 ms
System.ArgumentNullException: Value cannot be null. (Parameter 'logger')
   at System.ThrowHelper.Throw(String paramName)
   at Microsoft.Extensions.Logging.LoggerExtensions.Log(ILogger logger, LogLevel logLevel, EventId eventId, Exception exception, String message, Object[] args)
   at Microsoft.Extensions.Logging.LoggerExtensions.LogInformation(ILogger logger, String message, Object[] args)
   at CASE_STUDY_Core.Cache.PnlStateCache.GetPositionStateAsync(String securityId, DateOnly asOfDate) in D:\CaseStudy\WEB_API\CASE_STUDY_7\CASE_STUDY_Core\Cache\PnlStateCache.cs:line 80
   at CASE_STUDY_Core.Services.PnlCalculationService.<>c__DisplayClass5_0.<<GetPnLSummaryAsync>b__2>d.MoveNext() in D:\CaseStudy\WEB_API\CASE_STUDY_7\CASE_STUDY_Core\Services\PnlCalculationService.cs:line 55
--- End of stack trace from previous location ---
   at CASE_STUDY_Core.Services.PnlCalculationService.GetPnLSummaryAsync(DateOnly asOfDate, IEnumerable`1 securityIds) in D:\CaseStudy\WEB_API\CASE_STUDY_7\CASE_STUDY_Core\Services\PnlCalculationService.cs:line 73
   at CASE_STUDY_7.Controllers.PnLController.GetPnLSummary(Nullable`1 asOfDate, List`1 securityId) in D:\CaseStudy\WEB_API\CASE_STUDY_7\CASE_STUDY_7\Controllers\PnLController.cs:line 36
   at Microsoft.AspNetCore.Mvc.Infrastructure.ActionMethodExecutor.TaskOfIActionResultExecutor.Execute(ActionContext actionContext, IActionResultTypeMapper mapper, ObjectMethodExecutor executor, Object controller, Object[] arguments)
   at Microsoft.AspNetCore.Mvc.Infrastructure.ControllerActionInvoker.<InvokeActionMethodAsync>g__Awaited|12_0(ControllerActionInvoker invoker, ValueTask`1 actionResultValueTask)
   at Microsoft.AspNetCore.Mvc.Infrastructure.ControllerActionInvoker.<InvokeNextActionFilterAsync>g__Awaited|10_0(ControllerActionInvoker invoker, Task lastTask, State next, Scope scope, Object state, Boolean isCompleted)
   at Microsoft.AspNetCore.Mvc.Infrastructure.ControllerActionInvoker.Rethrow(ActionExecutedContextSealed context)
   at Microsoft.AspNetCore.Mvc.Infrastructure.ControllerActionInvoker.Next(State& next, Scope& scope, Object& state, Boolean& isCompleted)
   at Microsoft.AspNetCore.Mvc.Infrastructure.ControllerActionInvoker.<InvokeInnerFilterAsync>g__Awaited|13_0(ControllerActionInvoker invoker, Task lastTask, State next, Scope scope, Object state, Boolean isCompleted)
   at Microsoft.AspNetCore.Mvc.Infrastructure.ResourceInvoker.<InvokeFilterPipelineAsync>g__Awaited|20_0(ResourceInvoker invoker, Task lastTask, State next, Scope scope, Object state, Boolean isCompleted)
   at Microsoft.AspNetCore.Mvc.Infrastructure.ResourceInvoker.<InvokeAsync>g__Awaited|17_0(ResourceInvoker invoker, Task task, IDisposable scope)
   at Microsoft.AspNetCore.Mvc.Infrastructure.ResourceInvoker.<InvokeAsync>g__Awaited|17_0(ResourceInvoker invoker, Task task, IDisposable scope)
   at Microsoft.AspNetCore.Authorization.AuthorizationMiddleware.Invoke(HttpContext context)
   at Serilog.AspNetCore.RequestLoggingMiddleware.Invoke(HttpContext httpContext)
2026-08-11 01:07:58.172 +05:30 [ERR] An unhandled exception has occurred while executing the request.
System.ArgumentNullException: Value cannot be null. (Parameter 'logger')
   at System.ThrowHelper.Throw(String paramName)
   at Microsoft.Extensions.Logging.LoggerExtensions.Log(ILogger logger, LogLevel logLevel, EventId eventId, Exception exception, String message, Object[] args)
   at Microsoft.Extensions.Logging.LoggerExtensions.LogInformation(ILogger logger, String message, Object[] args)
   at CASE_STUDY_Core.Cache.PnlStateCache.GetPositionStateAsync(String securityId, DateOnly asOfDate) in D:\CaseStudy\WEB_API\CASE_STUDY_7\CASE_STUDY_Core\Cache\PnlStateCache.cs:line 80
   at CASE_STUDY_Core.Services.PnlCalculationService.<>c__DisplayClass5_0.<<GetPnLSummaryAsync>b__2>d.MoveNext() in D:\CaseStudy\WEB_API\CASE_STUDY_7\CASE_STUDY_Core\Services\PnlCalculationService.cs:line 55
--- End of stack trace from previous location ---
   at CASE_STUDY_Core.Services.PnlCalculationService.GetPnLSummaryAsync(DateOnly asOfDate, IEnumerable`1 securityIds) in D:\CaseStudy\WEB_API\CASE_STUDY_7\CASE_STUDY_Core\Services\PnlCalculationService.cs:line 73
   at CASE_STUDY_7.Controllers.PnLController.GetPnLSummary(Nullable`1 asOfDate, List`1 securityId) in D:\CaseStudy\WEB_API\CASE_STUDY_7\CASE_STUDY_7\Controllers\PnLController.cs:line 36
   at Microsoft.AspNetCore.Mvc.Infrastructure.ActionMethodExecutor.TaskOfIActionResultExecutor.Execute(ActionContext actionContext, IActionResultTypeMapper mapper, ObjectMethodExecutor executor, Object controller, Object[] arguments)
   at Microsoft.AspNetCore.Mvc.Infrastructure.ControllerActionInvoker.<InvokeActionMethodAsync>g__Awaited|12_0(ControllerActionInvoker invoker, ValueTask`1 actionResultValueTask)
   at Microsoft.AspNetCore.Mvc.Infrastructure.ControllerActionInvoker.<InvokeNextActionFilterAsync>g__Awaited|10_0(ControllerActionInvoker invoker, Task lastTask, State next, Scope scope, Object state, Boolean isCompleted)
   at Microsoft.AspNetCore.Mvc.Infrastructure.ControllerActionInvoker.Rethrow(ActionExecutedContextSealed context)
   at Microsoft.AspNetCore.Mvc.Infrastructure.ControllerActionInvoker.Next(State& next, Scope& scope, Object& state, Boolean& isCompleted)
   at Microsoft.AspNetCore.Mvc.Infrastructure.ControllerActionInvoker.<InvokeInnerFilterAsync>g__Awaited|13_0(ControllerActionInvoker invoker, Task lastTask, State next, Scope scope, Object state, Boolean isCompleted)
   at Microsoft.AspNetCore.Mvc.Infrastructure.ResourceInvoker.<InvokeFilterPipelineAsync>g__Awaited|20_0(ResourceInvoker invoker, Task lastTask, State next, Scope scope, Object state, Boolean isCompleted)
   at Microsoft.AspNetCore.Mvc.Infrastructure.ResourceInvoker.<InvokeAsync>g__Awaited|17_0(ResourceInvoker invoker, Task task, IDisposable scope)
   at Microsoft.AspNetCore.Mvc.Infrastructure.ResourceInvoker.<InvokeAsync>g__Awaited|17_0(ResourceInvoker invoker, Task task, IDisposable scope)
   at Microsoft.AspNetCore.Authorization.AuthorizationMiddleware.Invoke(HttpContext context)
   at Serilog.AspNetCore.RequestLoggingMiddleware.Invoke(HttpContext httpContext)
   at Swashbuckle.AspNetCore.SwaggerUI.SwaggerUIMiddleware.Invoke(HttpContext httpContext)
   at Swashbuckle.AspNetCore.Swagger.SwaggerMiddleware.Invoke(HttpContext httpContext, ISwaggerProvider swaggerProvider)
   at Microsoft.AspNetCore.Authentication.AuthenticationMiddleware.Invoke(HttpContext context)
   at Microsoft.AspNetCore.Diagnostics.DeveloperExceptionPageMiddlewareImpl.Invoke(HttpContext context)
2026-08-11 01:08:27.510 +05:30 [INF] HTTP OPTIONS /api/PnL/summary responded 204 in 2.2894 ms
2026-08-11 01:08:28.695 +05:30 [INF] Successfully fetched latest EOD prices for 11 securities as of "2026-03-31"
2026-08-11 01:08:29.716 +05:30 [ERR] HTTP GET /api/PnL/summary responded 500 in 2168.1104 ms
System.ArgumentNullException: Value cannot be null. (Parameter 'logger')
   at System.ThrowHelper.Throw(String paramName)
   at Microsoft.Extensions.Logging.LoggerExtensions.Log(ILogger logger, LogLevel logLevel, EventId eventId, Exception exception, String message, Object[] args)
   at Microsoft.Extensions.Logging.LoggerExtensions.LogInformation(ILogger logger, String message, Object[] args)
   at CASE_STUDY_Core.Cache.PnlStateCache.GetPositionStateAsync(String securityId, DateOnly asOfDate) in D:\CaseStudy\WEB_API\CASE_STUDY_7\CASE_STUDY_Core\Cache\PnlStateCache.cs:line 80
   at CASE_STUDY_Core.Services.PnlCalculationService.<>c__DisplayClass5_0.<<GetPnLSummaryAsync>b__2>d.MoveNext() in D:\CaseStudy\WEB_API\CASE_STUDY_7\CASE_STUDY_Core\Services\PnlCalculationService.cs:line 55
--- End of stack trace from previous location ---
   at CASE_STUDY_Core.Services.PnlCalculationService.GetPnLSummaryAsync(DateOnly asOfDate, IEnumerable`1 securityIds) in D:\CaseStudy\WEB_API\CASE_STUDY_7\CASE_STUDY_Core\Services\PnlCalculationService.cs:line 73
   at CASE_STUDY_7.Controllers.PnLController.GetPnLSummary(Nullable`1 asOfDate, List`1 securityId) in D:\CaseStudy\WEB_API\CASE_STUDY_7\CASE_STUDY_7\Controllers\PnLController.cs:line 36
   at Microsoft.AspNetCore.Mvc.Infrastructure.ActionMethodExecutor.TaskOfIActionResultExecutor.Execute(ActionContext actionContext, IActionResultTypeMapper mapper, ObjectMethodExecutor executor, Object controller, Object[] arguments)
   at Microsoft.AspNetCore.Mvc.Infrastructure.ControllerActionInvoker.<InvokeActionMethodAsync>g__Awaited|12_0(ControllerActionInvoker invoker, ValueTask`1 actionResultValueTask)
   at Microsoft.AspNetCore.Mvc.Infrastructure.ControllerActionInvoker.<InvokeNextActionFilterAsync>g__Awaited|10_0(ControllerActionInvoker invoker, Task lastTask, State next, Scope scope, Object state, Boolean isCompleted)
   at Microsoft.AspNetCore.Mvc.Infrastructure.ControllerActionInvoker.Rethrow(ActionExecutedContextSealed context)
   at Microsoft.AspNetCore.Mvc.Infrastructure.ControllerActionInvoker.Next(State& next, Scope& scope, Object& state, Boolean& isCompleted)
   at Microsoft.AspNetCore.Mvc.Infrastructure.ControllerActionInvoker.<InvokeInnerFilterAsync>g__Awaited|13_0(ControllerActionInvoker invoker, Task lastTask, State next, Scope scope, Object state, Boolean isCompleted)
   at Microsoft.AspNetCore.Mvc.Infrastructure.ResourceInvoker.<InvokeFilterPipelineAsync>g__Awaited|20_0(ResourceInvoker invoker, Task lastTask, State next, Scope scope, Object state, Boolean isCompleted)
   at Microsoft.AspNetCore.Mvc.Infrastructure.ResourceInvoker.<InvokeAsync>g__Awaited|17_0(ResourceInvoker invoker, Task task, IDisposable scope)
   at Microsoft.AspNetCore.Mvc.Infrastructure.ResourceInvoker.<InvokeAsync>g__Awaited|17_0(ResourceInvoker invoker, Task task, IDisposable scope)
   at Microsoft.AspNetCore.Authorization.AuthorizationMiddleware.Invoke(HttpContext context)
   at Serilog.AspNetCore.RequestLoggingMiddleware.Invoke(HttpContext httpContext)
2026-08-11 01:08:29.728 +05:30 [ERR] An unhandled exception has occurred while executing the request.
System.ArgumentNullException: Value cannot be null. (Parameter 'logger')
   at System.ThrowHelper.Throw(String paramName)
   at Microsoft.Extensions.Logging.LoggerExtensions.Log(ILogger logger, LogLevel logLevel, EventId eventId, Exception exception, String message, Object[] args)
   at Microsoft.Extensions.Logging.LoggerExtensions.LogInformation(ILogger logger, String message, Object[] args)
   at CASE_STUDY_Core.Cache.PnlStateCache.GetPositionStateAsync(String securityId, DateOnly asOfDate) in D:\CaseStudy\WEB_API\CASE_STUDY_7\CASE_STUDY_Core\Cache\PnlStateCache.cs:line 80
   at CASE_STUDY_Core.Services.PnlCalculationService.<>c__DisplayClass5_0.<<GetPnLSummaryAsync>b__2>d.MoveNext() in D:\CaseStudy\WEB_API\CASE_STUDY_7\CASE_STUDY_Core\Services\PnlCalculationService.cs:line 55
--- End of stack trace from previous location ---
   at CASE_STUDY_Core.Services.PnlCalculationService.GetPnLSummaryAsync(DateOnly asOfDate, IEnumerable`1 securityIds) in D:\CaseStudy\WEB_API\CASE_STUDY_7\CASE_STUDY_Core\Services\PnlCalculationService.cs:line 73
   at CASE_STUDY_7.Controllers.PnLController.GetPnLSummary(Nullable`1 asOfDate, List`1 securityId) in D:\CaseStudy\WEB_API\CASE_STUDY_7\CASE_STUDY_7\Controllers\PnLController.cs:line 36
   at Microsoft.AspNetCore.Mvc.Infrastructure.ActionMethodExecutor.TaskOfIActionResultExecutor.Execute(ActionContext actionContext, IActionResultTypeMapper mapper, ObjectMethodExecutor executor, Object controller, Object[] arguments)
   at Microsoft.AspNetCore.Mvc.Infrastructure.ControllerActionInvoker.<InvokeActionMethodAsync>g__Awaited|12_0(ControllerActionInvoker invoker, ValueTask`1 actionResultValueTask)
   at Microsoft.AspNetCore.Mvc.Infrastructure.ControllerActionInvoker.<InvokeNextActionFilterAsync>g__Awaited|10_0(ControllerActionInvoker invoker, Task lastTask, State next, Scope scope, Object state, Boolean isCompleted)
   at Microsoft.AspNetCore.Mvc.Infrastructure.ControllerActionInvoker.Rethrow(ActionExecutedContextSealed context)
   at Microsoft.AspNetCore.Mvc.Infrastructure.ControllerActionInvoker.Next(State& next, Scope& scope, Object& state, Boolean& isCompleted)
   at Microsoft.AspNetCore.Mvc.Infrastructure.ControllerActionInvoker.<InvokeInnerFilterAsync>g__Awaited|13_0(ControllerActionInvoker invoker, Task lastTask, State next, Scope scope, Object state, Boolean isCompleted)
   at Microsoft.AspNetCore.Mvc.Infrastructure.ResourceInvoker.<InvokeFilterPipelineAsync>g__Awaited|20_0(ResourceInvoker invoker, Task lastTask, State next, Scope scope, Object state, Boolean isCompleted)
   at Microsoft.AspNetCore.Mvc.Infrastructure.ResourceInvoker.<InvokeAsync>g__Awaited|17_0(ResourceInvoker invoker, Task task, IDisposable scope)
   at Microsoft.AspNetCore.Mvc.Infrastructure.ResourceInvoker.<InvokeAsync>g__Awaited|17_0(ResourceInvoker invoker, Task task, IDisposable scope)
   at Microsoft.AspNetCore.Authorization.AuthorizationMiddleware.Invoke(HttpContext context)
   at Serilog.AspNetCore.RequestLoggingMiddleware.Invoke(HttpContext httpContext)
   at Swashbuckle.AspNetCore.SwaggerUI.SwaggerUIMiddleware.Invoke(HttpContext httpContext)
   at Swashbuckle.AspNetCore.Swagger.SwaggerMiddleware.Invoke(HttpContext httpContext, ISwaggerProvider swaggerProvider)
   at Microsoft.AspNetCore.Authentication.AuthenticationMiddleware.Invoke(HttpContext context)
   at Microsoft.AspNetCore.Diagnostics.DeveloperExceptionPageMiddlewareImpl.Invoke(HttpContext context)
2026-08-11 01:08:30.921 +05:30 [INF] Successfully fetched latest EOD prices for 11 securities as of "2026-03-31"
2026-08-11 01:08:31.810 +05:30 [ERR] HTTP GET /api/PnL/summary responded 500 in 968.2268 ms
System.ArgumentNullException: Value cannot be null. (Parameter 'logger')
   at System.ThrowHelper.Throw(String paramName)
   at Microsoft.Extensions.Logging.LoggerExtensions.Log(ILogger logger, LogLevel logLevel, EventId eventId, Exception exception, String message, Object[] args)
   at Microsoft.Extensions.Logging.LoggerExtensions.LogInformation(ILogger logger, String message, Object[] args)
   at CASE_STUDY_Core.Cache.PnlStateCache.GetPositionStateAsync(String securityId, DateOnly asOfDate) in D:\CaseStudy\WEB_API\CASE_STUDY_7\CASE_STUDY_Core\Cache\PnlStateCache.cs:line 80
   at CASE_STUDY_Core.Services.PnlCalculationService.<>c__DisplayClass5_0.<<GetPnLSummaryAsync>b__2>d.MoveNext() in D:\CaseStudy\WEB_API\CASE_STUDY_7\CASE_STUDY_Core\Services\PnlCalculationService.cs:line 55
--- End of stack trace from previous location ---
   at CASE_STUDY_Core.Services.PnlCalculationService.GetPnLSummaryAsync(DateOnly asOfDate, IEnumerable`1 securityIds) in D:\CaseStudy\WEB_API\CASE_STUDY_7\CASE_STUDY_Core\Services\PnlCalculationService.cs:line 73
   at CASE_STUDY_7.Controllers.PnLController.GetPnLSummary(Nullable`1 asOfDate, List`1 securityId) in D:\CaseStudy\WEB_API\CASE_STUDY_7\CASE_STUDY_7\Controllers\PnLController.cs:line 36
   at Microsoft.AspNetCore.Mvc.Infrastructure.ActionMethodExecutor.TaskOfIActionResultExecutor.Execute(ActionContext actionContext, IActionResultTypeMapper mapper, ObjectMethodExecutor executor, Object controller, Object[] arguments)
   at Microsoft.AspNetCore.Mvc.Infrastructure.ControllerActionInvoker.<InvokeActionMethodAsync>g__Awaited|12_0(ControllerActionInvoker invoker, ValueTask`1 actionResultValueTask)
   at Microsoft.AspNetCore.Mvc.Infrastructure.ControllerActionInvoker.<InvokeNextActionFilterAsync>g__Awaited|10_0(ControllerActionInvoker invoker, Task lastTask, State next, Scope scope, Object state, Boolean isCompleted)
   at Microsoft.AspNetCore.Mvc.Infrastructure.ControllerActionInvoker.Rethrow(ActionExecutedContextSealed context)
   at Microsoft.AspNetCore.Mvc.Infrastructure.ControllerActionInvoker.Next(State& next, Scope& scope, Object& state, Boolean& isCompleted)
   at Microsoft.AspNetCore.Mvc.Infrastructure.ControllerActionInvoker.<InvokeInnerFilterAsync>g__Awaited|13_0(ControllerActionInvoker invoker, Task lastTask, State next, Scope scope, Object state, Boolean isCompleted)
   at Microsoft.AspNetCore.Mvc.Infrastructure.ResourceInvoker.<InvokeFilterPipelineAsync>g__Awaited|20_0(ResourceInvoker invoker, Task lastTask, State next, Scope scope, Object state, Boolean isCompleted)
   at Microsoft.AspNetCore.Mvc.Infrastructure.ResourceInvoker.<InvokeAsync>g__Awaited|17_0(ResourceInvoker invoker, Task task, IDisposable scope)
   at Microsoft.AspNetCore.Mvc.Infrastructure.ResourceInvoker.<InvokeAsync>g__Awaited|17_0(ResourceInvoker invoker, Task task, IDisposable scope)
   at Microsoft.AspNetCore.Authorization.AuthorizationMiddleware.Invoke(HttpContext context)
   at Serilog.AspNetCore.RequestLoggingMiddleware.Invoke(HttpContext httpContext)
2026-08-11 01:08:31.815 +05:30 [ERR] An unhandled exception has occurred while executing the request.
System.ArgumentNullException: Value cannot be null. (Parameter 'logger')
   at System.ThrowHelper.Throw(String paramName)
   at Microsoft.Extensions.Logging.LoggerExtensions.Log(ILogger logger, LogLevel logLevel, EventId eventId, Exception exception, String message, Object[] args)
   at Microsoft.Extensions.Logging.LoggerExtensions.LogInformation(ILogger logger, String message, Object[] args)
   at CASE_STUDY_Core.Cache.PnlStateCache.GetPositionStateAsync(String securityId, DateOnly asOfDate) in D:\CaseStudy\WEB_API\CASE_STUDY_7\CASE_STUDY_Core\Cache\PnlStateCache.cs:line 80
   at CASE_STUDY_Core.Services.PnlCalculationService.<>c__DisplayClass5_0.<<GetPnLSummaryAsync>b__2>d.MoveNext() in D:\CaseStudy\WEB_API\CASE_STUDY_7\CASE_STUDY_Core\Services\PnlCalculationService.cs:line 55
--- End of stack trace from previous location ---
   at CASE_STUDY_Core.Services.PnlCalculationService.GetPnLSummaryAsync(DateOnly asOfDate, IEnumerable`1 securityIds) in D:\CaseStudy\WEB_API\CASE_STUDY_7\CASE_STUDY_Core\Services\PnlCalculationService.cs:line 73
   at CASE_STUDY_7.Controllers.PnLController.GetPnLSummary(Nullable`1 asOfDate, List`1 securityId) in D:\CaseStudy\WEB_API\CASE_STUDY_7\CASE_STUDY_7\Controllers\PnLController.cs:line 36
   at Microsoft.AspNetCore.Mvc.Infrastructure.ActionMethodExecutor.TaskOfIActionResultExecutor.Execute(ActionContext actionContext, IActionResultTypeMapper mapper, ObjectMethodExecutor executor, Object controller, Object[] arguments)
   at Microsoft.AspNetCore.Mvc.Infrastructure.ControllerActionInvoker.<InvokeActionMethodAsync>g__Awaited|12_0(ControllerActionInvoker invoker, ValueTask`1 actionResultValueTask)
   at Microsoft.AspNetCore.Mvc.Infrastructure.ControllerActionInvoker.<InvokeNextActionFilterAsync>g__Awaited|10_0(ControllerActionInvoker invoker, Task lastTask, State next, Scope scope, Object state, Boolean isCompleted)
   at Microsoft.AspNetCore.Mvc.Infrastructure.ControllerActionInvoker.Rethrow(ActionExecutedContextSealed context)
   at Microsoft.AspNetCore.Mvc.Infrastructure.ControllerActionInvoker.Next(State& next, Scope& scope, Object& state, Boolean& isCompleted)
   at Microsoft.AspNetCore.Mvc.Infrastructure.ControllerActionInvoker.<InvokeInnerFilterAsync>g__Awaited|13_0(ControllerActionInvoker invoker, Task lastTask, State next, Scope scope, Object state, Boolean isCompleted)
   at Microsoft.AspNetCore.Mvc.Infrastructure.ResourceInvoker.<InvokeFilterPipelineAsync>g__Awaited|20_0(ResourceInvoker invoker, Task lastTask, State next, Scope scope, Object state, Boolean isCompleted)
   at Microsoft.AspNetCore.Mvc.Infrastructure.ResourceInvoker.<InvokeAsync>g__Awaited|17_0(ResourceInvoker invoker, Task task, IDisposable scope)
   at Microsoft.AspNetCore.Mvc.Infrastructure.ResourceInvoker.<InvokeAsync>g__Awaited|17_0(ResourceInvoker invoker, Task task, IDisposable scope)
   at Microsoft.AspNetCore.Authorization.AuthorizationMiddleware.Invoke(HttpContext context)
   at Serilog.AspNetCore.RequestLoggingMiddleware.Invoke(HttpContext httpContext)
   at Swashbuckle.AspNetCore.SwaggerUI.SwaggerUIMiddleware.Invoke(HttpContext httpContext)
   at Swashbuckle.AspNetCore.Swagger.SwaggerMiddleware.Invoke(HttpContext httpContext, ISwaggerProvider swaggerProvider)
   at Microsoft.AspNetCore.Authentication.AuthenticationMiddleware.Invoke(HttpContext context)
   at Microsoft.AspNetCore.Diagnostics.DeveloperExceptionPageMiddlewareImpl.Invoke(HttpContext context)
2026-08-11 01:08:49.957 +05:30 [INF] Successfully fetched latest EOD prices for 11 securities as of "2026-03-31"
2026-08-11 01:08:50.856 +05:30 [ERR] HTTP GET /api/PnL/summary responded 500 in 995.6561 ms
System.ArgumentNullException: Value cannot be null. (Parameter 'logger')
   at System.ThrowHelper.Throw(String paramName)
   at Microsoft.Extensions.Logging.LoggerExtensions.Log(ILogger logger, LogLevel logLevel, EventId eventId, Exception exception, String message, Object[] args)
   at Microsoft.Extensions.Logging.LoggerExtensions.LogInformation(ILogger logger, String message, Object[] args)
   at CASE_STUDY_Core.Cache.PnlStateCache.GetPositionStateAsync(String securityId, DateOnly asOfDate) in D:\CaseStudy\WEB_API\CASE_STUDY_7\CASE_STUDY_Core\Cache\PnlStateCache.cs:line 80
   at CASE_STUDY_Core.Services.PnlCalculationService.<>c__DisplayClass5_0.<<GetPnLSummaryAsync>b__2>d.MoveNext() in D:\CaseStudy\WEB_API\CASE_STUDY_7\CASE_STUDY_Core\Services\PnlCalculationService.cs:line 55
--- End of stack trace from previous location ---
   at CASE_STUDY_Core.Services.PnlCalculationService.GetPnLSummaryAsync(DateOnly asOfDate, IEnumerable`1 securityIds) in D:\CaseStudy\WEB_API\CASE_STUDY_7\CASE_STUDY_Core\Services\PnlCalculationService.cs:line 73
   at CASE_STUDY_7.Controllers.PnLController.GetPnLSummary(Nullable`1 asOfDate, List`1 securityId) in D:\CaseStudy\WEB_API\CASE_STUDY_7\CASE_STUDY_7\Controllers\PnLController.cs:line 36
   at Microsoft.AspNetCore.Mvc.Infrastructure.ActionMethodExecutor.TaskOfIActionResultExecutor.Execute(ActionContext actionContext, IActionResultTypeMapper mapper, ObjectMethodExecutor executor, Object controller, Object[] arguments)
   at Microsoft.AspNetCore.Mvc.Infrastructure.ControllerActionInvoker.<InvokeActionMethodAsync>g__Awaited|12_0(ControllerActionInvoker invoker, ValueTask`1 actionResultValueTask)
   at Microsoft.AspNetCore.Mvc.Infrastructure.ControllerActionInvoker.<InvokeNextActionFilterAsync>g__Awaited|10_0(ControllerActionInvoker invoker, Task lastTask, State next, Scope scope, Object state, Boolean isCompleted)
   at Microsoft.AspNetCore.Mvc.Infrastructure.ControllerActionInvoker.Rethrow(ActionExecutedContextSealed context)
   at Microsoft.AspNetCore.Mvc.Infrastructure.ControllerActionInvoker.Next(State& next, Scope& scope, Object& state, Boolean& isCompleted)
   at Microsoft.AspNetCore.Mvc.Infrastructure.ControllerActionInvoker.<InvokeInnerFilterAsync>g__Awaited|13_0(ControllerActionInvoker invoker, Task lastTask, State next, Scope scope, Object state, Boolean isCompleted)
   at Microsoft.AspNetCore.Mvc.Infrastructure.ResourceInvoker.<InvokeFilterPipelineAsync>g__Awaited|20_0(ResourceInvoker invoker, Task lastTask, State next, Scope scope, Object state, Boolean isCompleted)
   at Microsoft.AspNetCore.Mvc.Infrastructure.ResourceInvoker.<InvokeAsync>g__Awaited|17_0(ResourceInvoker invoker, Task task, IDisposable scope)
   at Microsoft.AspNetCore.Mvc.Infrastructure.ResourceInvoker.<InvokeAsync>g__Awaited|17_0(ResourceInvoker invoker, Task task, IDisposable scope)
   at Microsoft.AspNetCore.Authorization.AuthorizationMiddleware.Invoke(HttpContext context)
   at Serilog.AspNetCore.RequestLoggingMiddleware.Invoke(HttpContext httpContext)
2026-08-11 01:08:50.862 +05:30 [ERR] An unhandled exception has occurred while executing the request.
System.ArgumentNullException: Value cannot be null. (Parameter 'logger')
   at System.ThrowHelper.Throw(String paramName)
   at Microsoft.Extensions.Logging.LoggerExtensions.Log(ILogger logger, LogLevel logLevel, EventId eventId, Exception exception, String message, Object[] args)
   at Microsoft.Extensions.Logging.LoggerExtensions.LogInformation(ILogger logger, String message, Object[] args)
   at CASE_STUDY_Core.Cache.PnlStateCache.GetPositionStateAsync(String securityId, DateOnly asOfDate) in D:\CaseStudy\WEB_API\CASE_STUDY_7\CASE_STUDY_Core\Cache\PnlStateCache.cs:line 80
   at CASE_STUDY_Core.Services.PnlCalculationService.<>c__DisplayClass5_0.<<GetPnLSummaryAsync>b__2>d.MoveNext() in D:\CaseStudy\WEB_API\CASE_STUDY_7\CASE_STUDY_Core\Services\PnlCalculationService.cs:line 55
--- End of stack trace from previous location ---
   at CASE_STUDY_Core.Services.PnlCalculationService.GetPnLSummaryAsync(DateOnly asOfDate, IEnumerable`1 securityIds) in D:\CaseStudy\WEB_API\CASE_STUDY_7\CASE_STUDY_Core\Services\PnlCalculationService.cs:line 73
   at CASE_STUDY_7.Controllers.PnLController.GetPnLSummary(Nullable`1 asOfDate, List`1 securityId) in D:\CaseStudy\WEB_API\CASE_STUDY_7\CASE_STUDY_7\Controllers\PnLController.cs:line 36
   at Microsoft.AspNetCore.Mvc.Infrastructure.ActionMethodExecutor.TaskOfIActionResultExecutor.Execute(ActionContext actionContext, IActionResultTypeMapper mapper, ObjectMethodExecutor executor, Object controller, Object[] arguments)
   at Microsoft.AspNetCore.Mvc.Infrastructure.ControllerActionInvoker.<InvokeActionMethodAsync>g__Awaited|12_0(ControllerActionInvoker invoker, ValueTask`1 actionResultValueTask)
   at Microsoft.AspNetCore.Mvc.Infrastructure.ControllerActionInvoker.<InvokeNextActionFilterAsync>g__Awaited|10_0(ControllerActionInvoker invoker, Task lastTask, State next, Scope scope, Object state, Boolean isCompleted)
   at Microsoft.AspNetCore.Mvc.Infrastructure.ControllerActionInvoker.Rethrow(ActionExecutedContextSealed context)
   at Microsoft.AspNetCore.Mvc.Infrastructure.ControllerActionInvoker.Next(State& next, Scope& scope, Object& state, Boolean& isCompleted)
   at Microsoft.AspNetCore.Mvc.Infrastructure.ControllerActionInvoker.<InvokeInnerFilterAsync>g__Awaited|13_0(ControllerActionInvoker invoker, Task lastTask, State next, Scope scope, Object state, Boolean isCompleted)
   at Microsoft.AspNetCore.Mvc.Infrastructure.ResourceInvoker.<InvokeFilterPipelineAsync>g__Awaited|20_0(ResourceInvoker invoker, Task lastTask, State next, Scope scope, Object state, Boolean isCompleted)
   at Microsoft.AspNetCore.Mvc.Infrastructure.ResourceInvoker.<InvokeAsync>g__Awaited|17_0(ResourceInvoker invoker, Task task, IDisposable scope)
   at Microsoft.AspNetCore.Mvc.Infrastructure.ResourceInvoker.<InvokeAsync>g__Awaited|17_0(ResourceInvoker invoker, Task task, IDisposable scope)
   at Microsoft.AspNetCore.Authorization.AuthorizationMiddleware.Invoke(HttpContext context)
   at Serilog.AspNetCore.RequestLoggingMiddleware.Invoke(HttpContext httpContext)
   at Swashbuckle.AspNetCore.SwaggerUI.SwaggerUIMiddleware.Invoke(HttpContext httpContext)
   at Swashbuckle.AspNetCore.Swagger.SwaggerMiddleware.Invoke(HttpContext httpContext, ISwaggerProvider swaggerProvider)
   at Microsoft.AspNetCore.Authentication.AuthenticationMiddleware.Invoke(HttpContext context)
   at Microsoft.AspNetCore.Diagnostics.DeveloperExceptionPageMiddlewareImpl.Invoke(HttpContext context)
2026-08-11 01:08:50.933 +05:30 [INF] HTTP GET /favicon.ico responded 404 in 0.0983 ms
2026-08-11 01:10:16.098 +05:30 [INF] HTTP OPTIONS /api/PnL/summary responded 204 in 2.0208 ms
2026-08-11 01:10:17.294 +05:30 [INF] Successfully fetched latest EOD prices for 11 securities as of "2026-03-31"
2026-08-11 01:10:17.321 +05:30 [INF] Rolling forward PnL state for BD01 from "2026-02-02" to "2026-03-31"...
2026-08-11 01:10:17.343 +05:30 [INF] Rolling forward PnL state for BD02 from "2026-02-02" to "2026-03-31"...
2026-08-11 01:10:17.385 +05:30 [INF] Successfully cached daily snapshots for SecurityId: BD01 up to "2026-03-31"
2026-08-11 01:10:17.402 +05:30 [INF] Rolling forward PnL state for BD03 from "2026-02-02" to "2026-03-31"...
2026-08-11 01:10:17.408 +05:30 [INF] Rolling forward PnL state for EQ01 from "2026-02-02" to "2026-03-31"...
2026-08-11 01:10:17.413 +05:30 [INF] Rolling forward PnL state for EQ02 from "2026-02-02" to "2026-03-31"...
2026-08-11 01:10:17.416 +05:30 [INF] Rolling forward PnL state for EQ03 from "2026-02-02" to "2026-03-31"...
2026-08-11 01:10:17.421 +05:30 [INF] Rolling forward PnL state for EQ04 from "2026-02-02" to "2026-03-31"...
2026-08-11 01:10:17.424 +05:30 [INF] Rolling forward PnL state for EQ05 from "2026-02-02" to "2026-03-31"...
2026-08-11 01:10:17.428 +05:30 [INF] Rolling forward PnL state for ET01 from "2026-02-02" to "2026-03-31"...
2026-08-11 01:10:17.429 +05:30 [INF] Successfully cached daily snapshots for SecurityId: BD02 up to "2026-03-31"
2026-08-11 01:10:17.431 +05:30 [INF] Rolling forward PnL state for ET02 from "2026-02-02" to "2026-03-31"...
2026-08-11 01:10:17.433 +05:30 [INF] Rolling forward PnL state for ET03 from "2026-02-02" to "2026-03-31"...
2026-08-11 01:10:17.460 +05:30 [INF] Successfully cached daily snapshots for SecurityId: ET01 up to "2026-03-31"
2026-08-11 01:10:17.557 +05:30 [INF] Successfully cached daily snapshots for SecurityId: BD03 up to "2026-03-31"
2026-08-11 01:10:17.557 +05:30 [INF] Successfully cached daily snapshots for SecurityId: EQ01 up to "2026-03-31"
2026-08-11 01:10:17.674 +05:30 [INF] Successfully cached daily snapshots for SecurityId: EQ03 up to "2026-03-31"
2026-08-11 01:10:17.674 +05:30 [INF] Successfully cached daily snapshots for SecurityId: EQ02 up to "2026-03-31"
2026-08-11 01:10:17.675 +05:30 [INF] Successfully cached daily snapshots for SecurityId: EQ04 up to "2026-03-31"
2026-08-11 01:10:17.790 +05:30 [INF] Successfully cached daily snapshots for SecurityId: EQ05 up to "2026-03-31"
2026-08-11 01:10:17.790 +05:30 [INF] Successfully cached daily snapshots for SecurityId: ET03 up to "2026-03-31"
2026-08-11 01:10:17.791 +05:30 [INF] Successfully cached daily snapshots for SecurityId: ET02 up to "2026-03-31"
2026-08-11 01:10:17.807 +05:30 [INF] HTTP GET /api/PnL/summary responded 200 in 1672.3161 ms
2026-08-11 01:11:43.956 +05:30 [INF] HTTP OPTIONS /api/PnL/summary responded 204 in 1.9565 ms
2026-08-11 01:11:45.053 +05:30 [INF] Successfully fetched latest EOD prices for 11 securities as of "2026-03-31"
2026-08-11 01:11:45.071 +05:30 [INF] Rolling forward PnL state for BD01 from "2026-02-02" to "2026-03-31"...
2026-08-11 01:11:45.091 +05:30 [INF] Rolling forward PnL state for BD02 from "2026-02-02" to "2026-03-31"...
2026-08-11 01:11:45.123 +05:30 [INF] Successfully cached daily snapshots for SecurityId: BD01 up to "2026-03-31"
2026-08-11 01:11:45.128 +05:30 [INF] Rolling forward PnL state for BD03 from "2026-02-02" to "2026-03-31"...
2026-08-11 01:11:45.133 +05:30 [INF] Rolling forward PnL state for EQ01 from "2026-02-02" to "2026-03-31"...
2026-08-11 01:11:45.135 +05:30 [INF] Rolling forward PnL state for EQ02 from "2026-02-02" to "2026-03-31"...
2026-08-11 01:11:45.137 +05:30 [INF] Rolling forward PnL state for EQ03 from "2026-02-02" to "2026-03-31"...
2026-08-11 01:11:45.140 +05:30 [INF] Rolling forward PnL state for EQ04 from "2026-02-02" to "2026-03-31"...
2026-08-11 01:11:45.142 +05:30 [INF] Rolling forward PnL state for EQ05 from "2026-02-02" to "2026-03-31"...
2026-08-11 01:11:45.145 +05:30 [INF] Rolling forward PnL state for ET01 from "2026-02-02" to "2026-03-31"...
2026-08-11 01:11:45.147 +05:30 [INF] Rolling forward PnL state for ET02 from "2026-02-02" to "2026-03-31"...
2026-08-11 01:11:45.149 +05:30 [INF] Rolling forward PnL state for ET03 from "2026-02-02" to "2026-03-31"...
2026-08-11 01:11:45.155 +05:30 [INF] Successfully cached daily snapshots for SecurityId: BD02 up to "2026-03-31"
2026-08-11 01:11:45.278 +05:30 [INF] Successfully cached daily snapshots for SecurityId: EQ01 up to "2026-03-31"
2026-08-11 01:11:45.278 +05:30 [INF] Successfully cached daily snapshots for SecurityId: BD03 up to "2026-03-31"
2026-08-11 01:11:45.397 +05:30 [INF] Successfully cached daily snapshots for SecurityId: EQ04 up to "2026-03-31"
2026-08-11 01:11:45.398 +05:30 [INF] Successfully cached daily snapshots for SecurityId: EQ03 up to "2026-03-31"
2026-08-11 01:11:45.398 +05:30 [INF] Successfully cached daily snapshots for SecurityId: EQ02 up to "2026-03-31"
2026-08-11 01:11:45.512 +05:30 [INF] Successfully cached daily snapshots for SecurityId: ET01 up to "2026-03-31"
2026-08-11 01:11:45.513 +05:30 [INF] Successfully cached daily snapshots for SecurityId: EQ05 up to "2026-03-31"
2026-08-11 01:11:45.513 +05:30 [INF] Successfully cached daily snapshots for SecurityId: ET03 up to "2026-03-31"
2026-08-11 01:11:45.514 +05:30 [INF] Successfully cached daily snapshots for SecurityId: ET02 up to "2026-03-31"
2026-08-11 01:11:45.538 +05:30 [INF] HTTP GET /api/PnL/summary responded 200 in 1552.0111 ms
2026-08-11 01:11:56.147 +05:30 [INF] HTTP OPTIONS /api/PnL/timeseries responded 204 in 0.3406 ms
2026-08-11 01:11:56.147 +05:30 [INF] HTTP OPTIONS /api/PnL/timeseries responded 204 in 0.3309 ms
2026-08-11 01:11:56.209 +05:30 [INF] Successfully fetched latest EOD prices for 11 securities as of "2026-03-31"
2026-08-11 01:11:56.503 +05:30 [WRN] Exact EOD price missing for BD01 on "2026-02-07". Using stale price ¤1,003.56 from preceding date "2026-02-06"
2026-08-11 01:11:56.543 +05:30 [WRN] Exact EOD price missing for BD01 on "2026-02-08". Using stale price ¤1,003.56 from preceding date "2026-02-06"
2026-08-11 01:11:56.722 +05:30 [WRN] Exact EOD price missing for BD01 on "2026-02-14". Using stale price ¤1,002.56 from preceding date "2026-02-13"
2026-08-11 01:11:56.754 +05:30 [WRN] Exact EOD price missing for BD01 on "2026-02-15". Using stale price ¤1,002.56 from preceding date "2026-02-13"
2026-08-11 01:11:56.944 +05:30 [WRN] Exact EOD price missing for BD01 on "2026-02-21". Using stale price ¤1,000.45 from preceding date "2026-02-20"
2026-08-11 01:11:56.975 +05:30 [WRN] Exact EOD price missing for BD01 on "2026-02-22". Using stale price ¤1,000.45 from preceding date "2026-02-20"
2026-08-11 01:11:57.163 +05:30 [WRN] Exact EOD price missing for BD01 on "2026-02-28". Using stale price ¤994.13 from preceding date "2026-02-27"
2026-08-11 01:11:57.195 +05:30 [WRN] Exact EOD price missing for BD01 on "2026-03-01". Using stale price ¤994.13 from preceding date "2026-02-27"
2026-08-11 01:11:57.376 +05:30 [WRN] Exact EOD price missing for BD01 on "2026-03-07". Using stale price ¤989.04 from preceding date "2026-03-06"
2026-08-11 01:11:57.409 +05:30 [WRN] Exact EOD price missing for BD01 on "2026-03-08". Using stale price ¤989.04 from preceding date "2026-03-06"
2026-08-11 01:11:57.593 +05:30 [WRN] Exact EOD price missing for BD01 on "2026-03-14". Using stale price ¤998.10 from preceding date "2026-03-13"
2026-08-11 01:11:57.624 +05:30 [WRN] Exact EOD price missing for BD01 on "2026-03-15". Using stale price ¤998.10 from preceding date "2026-03-13"
2026-08-11 01:11:57.802 +05:30 [WRN] Exact EOD price missing for BD01 on "2026-03-21". Using stale price ¤1,006.61 from preceding date "2026-03-20"
2026-08-11 01:11:57.834 +05:30 [WRN] Exact EOD price missing for BD01 on "2026-03-22". Using stale price ¤1,006.61 from preceding date "2026-03-20"
2026-08-11 01:11:58.012 +05:30 [WRN] Exact EOD price missing for BD01 on "2026-03-28". Using stale price ¤1,001.35 from preceding date "2026-03-27"
2026-08-11 01:11:58.044 +05:30 [WRN] Exact EOD price missing for BD01 on "2026-03-29". Using stale price ¤1,001.35 from preceding date "2026-03-27"
2026-08-11 01:11:58.119 +05:30 [INF] HTTP GET /api/PnL/timeseries responded 200 in 1969.1495 ms
2026-08-11 01:11:58.151 +05:30 [INF] Successfully fetched latest EOD prices for 11 securities as of "2026-03-31"
2026-08-11 01:11:58.335 +05:30 [WRN] Exact EOD price missing for BD01 on "2026-02-07". Using stale price ¤1,003.56 from preceding date "2026-02-06"
2026-08-11 01:11:58.367 +05:30 [WRN] Exact EOD price missing for BD01 on "2026-02-08". Using stale price ¤1,003.56 from preceding date "2026-02-06"
2026-08-11 01:11:58.544 +05:30 [WRN] Exact EOD price missing for BD01 on "2026-02-14". Using stale price ¤1,002.56 from preceding date "2026-02-13"
2026-08-11 01:11:58.575 +05:30 [WRN] Exact EOD price missing for BD01 on "2026-02-15". Using stale price ¤1,002.56 from preceding date "2026-02-13"
2026-08-11 01:11:58.759 +05:30 [WRN] Exact EOD price missing for BD01 on "2026-02-21". Using stale price ¤1,000.45 from preceding date "2026-02-20"
2026-08-11 01:11:58.789 +05:30 [WRN] Exact EOD price missing for BD01 on "2026-02-22". Using stale price ¤1,000.45 from preceding date "2026-02-20"
2026-08-11 01:11:58.967 +05:30 [WRN] Exact EOD price missing for BD01 on "2026-02-28". Using stale price ¤994.13 from preceding date "2026-02-27"
2026-08-11 01:11:58.998 +05:30 [WRN] Exact EOD price missing for BD01 on "2026-03-01". Using stale price ¤994.13 from preceding date "2026-02-27"
2026-08-11 01:11:59.193 +05:30 [WRN] Exact EOD price missing for BD01 on "2026-03-07". Using stale price ¤989.04 from preceding date "2026-03-06"
2026-08-11 01:11:59.224 +05:30 [WRN] Exact EOD price missing for BD01 on "2026-03-08". Using stale price ¤989.04 from preceding date "2026-03-06"
2026-08-11 01:11:59.400 +05:30 [WRN] Exact EOD price missing for BD01 on "2026-03-14". Using stale price ¤998.10 from preceding date "2026-03-13"
2026-08-11 01:11:59.431 +05:30 [WRN] Exact EOD price missing for BD01 on "2026-03-15". Using stale price ¤998.10 from preceding date "2026-03-13"
2026-08-11 01:11:59.606 +05:30 [WRN] Exact EOD price missing for BD01 on "2026-03-21". Using stale price ¤1,006.61 from preceding date "2026-03-20"
2026-08-11 01:11:59.638 +05:30 [WRN] Exact EOD price missing for BD01 on "2026-03-22". Using stale price ¤1,006.61 from preceding date "2026-03-20"
2026-08-11 01:11:59.814 +05:30 [WRN] Exact EOD price missing for BD01 on "2026-03-28". Using stale price ¤1,001.35 from preceding date "2026-03-27"
2026-08-11 01:11:59.844 +05:30 [WRN] Exact EOD price missing for BD01 on "2026-03-29". Using stale price ¤1,001.35 from preceding date "2026-03-27"
2026-08-11 01:11:59.910 +05:30 [INF] HTTP GET /api/PnL/timeseries responded 200 in 1791.0506 ms
2026-08-11 01:12:29.205 +05:30 [INF] HTTP OPTIONS /api/PnL/summary responded 204 in 0.0727 ms
2026-08-11 01:12:29.290 +05:30 [INF] Successfully fetched latest EOD prices for 11 securities as of "2026-03-31"
2026-08-11 01:12:29.292 +05:30 [INF] CACHE HIT | Position state found in memory for SecurityId: BD01 as of "2026-03-31"
2026-08-11 01:12:29.293 +05:30 [INF] CACHE HIT | Position state found in memory for SecurityId: BD02 as of "2026-03-31"
2026-08-11 01:12:29.294 +05:30 [INF] HTTP GET /api/PnL/summary responded 200 in 85.1876 ms
2026-08-11 01:14:23.107 +05:30 [INF] HTTP OPTIONS /api/PnL/summary responded 204 in 2.2677 ms
2026-08-11 01:14:24.391 +05:30 [INF] Rolling forward PnL state for BD02 from "2026-02-02" to "2026-03-31"...
2026-08-11 01:14:24.414 +05:30 [INF] Rolling forward PnL state for BD03 from "2026-02-02" to "2026-03-31"...
2026-08-11 01:14:24.451 +05:30 [INF] Successfully cached daily snapshots for SecurityId: BD02 up to "2026-03-31"
2026-08-11 01:14:24.504 +05:30 [INF] Successfully cached daily snapshots for SecurityId: BD03 up to "2026-03-31"
2026-08-11 01:14:24.517 +05:30 [INF] HTTP GET /api/PnL/summary responded 200 in 1374.7974 ms
2026-08-11 01:14:38.189 +05:30 [INF] HTTP OPTIONS /api/PnL/timeseries responded 204 in 0.7683 ms
2026-08-11 01:14:38.189 +05:30 [INF] HTTP OPTIONS /api/PnL/timeseries responded 204 in 0.9899 ms
2026-08-11 01:14:40.086 +05:30 [INF] HTTP GET /api/PnL/timeseries responded 200 in 1891.9802 ms
2026-08-11 01:14:41.819 +05:30 [INF] HTTP GET /api/PnL/timeseries responded 200 in 1733.6221 ms
2026-08-11 01:14:55.203 +05:30 [INF] HTTP GET /api/Security responded 200 in 48.5067 ms
2026-08-11 01:14:55.290 +05:30 [INF] Fetched 10 trade items for Page 1 (Total records matching filter: 304)
2026-08-11 01:14:55.297 +05:30 [INF] HTTP GET /api/TradeBlotter responded 200 in 136.8754 ms
2026-08-11 01:14:55.358 +05:30 [INF] HTTP GET /api/Security responded 200 in 152.3663 ms
2026-08-11 01:14:55.360 +05:30 [INF] Fetched 10 trade items for Page 1 (Total records matching filter: 304)
2026-08-11 01:14:55.363 +05:30 [INF] HTTP GET /api/TradeBlotter responded 200 in 64.4900 ms
2026-08-11 01:14:55.478 +05:30 [INF] HTTP GET /api/Trader responded 200 in 269.4350 ms
2026-08-11 01:14:55.516 +05:30 [INF] HTTP GET /api/Trader responded 200 in 30.8944 ms
2026-08-11 01:15:05.985 +05:30 [INF] Fetched 10 trade items for Page 1 (Total records matching filter: 164)
2026-08-11 01:15:05.988 +05:30 [INF] HTTP GET /api/TradeBlotter responded 200 in 129.2153 ms
2026-08-11 01:15:14.213 +05:30 [WRN] The query uses the 'First'/'FirstOrDefault' operator without 'OrderBy' and filter operators. This may lead to unpredictable results.
2026-08-11 01:15:14.380 +05:30 [INF] Computed Trade Blotter Analytics. Total Volume: ¤8,479,850.06, Total Trades: 164
2026-08-11 01:15:14.385 +05:30 [INF] HTTP GET /api/TradeBlotter/analytics responded 200 in 204.7766 ms
2026-08-11 01:15:14.485 +05:30 [INF] Computed Trade Blotter Analytics. Total Volume: ¤8,479,850.06, Total Trades: 164
2026-08-11 01:15:14.488 +05:30 [INF] HTTP GET /api/TradeBlotter/analytics responded 200 in 100.0388 ms
2026-08-11 01:15:50.891 +05:30 [INF] Fetched 10 trade items for Page 1 (Total records matching filter: 164)
2026-08-11 01:15:50.894 +05:30 [INF] HTTP GET /api/TradeBlotter responded 200 in 65.1808 ms
2026-08-11 01:15:54.259 +05:30 [INF] Fetched 10 trade items for Page 1 (Total records matching filter: 31)
2026-08-11 01:15:54.261 +05:30 [INF] HTTP GET /api/TradeBlotter responded 200 in 140.8205 ms
2026-08-11 01:16:03.483 +05:30 [WRN] The query uses the 'First'/'FirstOrDefault' operator without 'OrderBy' and filter operators. This may lead to unpredictable results.
2026-08-11 01:16:03.710 +05:30 [INF] Computed Trade Blotter Analytics. Total Volume: ¤574,861.56, Total Trades: 31
2026-08-11 01:16:03.712 +05:30 [INF] HTTP GET /api/TradeBlotter/analytics responded 200 in 231.2782 ms
2026-08-11 01:16:03.807 +05:30 [INF] Computed Trade Blotter Analytics. Total Volume: ¤574,861.56, Total Trades: 31
2026-08-11 01:16:03.809 +05:30 [INF] HTTP GET /api/TradeBlotter/analytics responded 200 in 95.3694 ms
2026-08-11 01:16:06.321 +05:30 [INF] Fetched 10 trade items for Page 1 (Total records matching filter: 31)
2026-08-11 01:16:06.323 +05:30 [INF] HTTP GET /api/TradeBlotter responded 200 in 64.1203 ms
2026-08-11 01:16:08.933 +05:30 [INF] HTTP GET /api/Security responded 200 in 30.6865 ms
2026-08-11 01:16:08.965 +05:30 [INF] HTTP GET /api/Security responded 200 in 30.1874 ms
2026-08-11 01:16:08.965 +05:30 [INF] Fetched 10 trade items for Page 1 (Total records matching filter: 304)
2026-08-11 01:16:08.967 +05:30 [INF] HTTP GET /api/TradeBlotter responded 200 in 62.1097 ms
2026-08-11 01:16:08.969 +05:30 [INF] HTTP GET /api/Trader responded 200 in 31.8677 ms
2026-08-11 01:16:09.000 +05:30 [INF] HTTP GET /api/Trader responded 200 in 29.5828 ms
2026-08-11 01:16:09.027 +05:30 [INF] Fetched 10 trade items for Page 1 (Total records matching filter: 304)
2026-08-11 01:16:09.028 +05:30 [INF] HTTP GET /api/TradeBlotter responded 200 in 60.4403 ms
2026-08-11 01:16:13.978 +05:30 [INF] Fetched 10 trade items for Page 1 (Total records matching filter: 304)
2026-08-11 01:16:13.981 +05:30 [INF] HTTP GET /api/TradeBlotter responded 200 in 72.8454 ms
2026-08-11 01:16:19.369 +05:30 [INF] Fetched 10 trade items for Page 1 (Total records matching filter: 304)
2026-08-11 01:16:19.370 +05:30 [INF] HTTP GET /api/TradeBlotter responded 200 in 62.2988 ms
2026-08-11 01:16:20.511 +05:30 [INF] Fetched 10 trade items for Page 1 (Total records matching filter: 304)
2026-08-11 01:16:20.514 +05:30 [INF] HTTP GET /api/TradeBlotter responded 200 in 63.1493 ms
2026-08-11 01:16:24.158 +05:30 [INF] Fetched 10 trade items for Page 1 (Total records matching filter: 304)
2026-08-11 01:16:24.159 +05:30 [INF] HTTP GET /api/TradeBlotter responded 200 in 61.1176 ms
2026-08-11 01:16:30.285 +05:30 [WRN] The query uses the 'First'/'FirstOrDefault' operator without 'OrderBy' and filter operators. This may lead to unpredictable results.
2026-08-11 01:16:30.397 +05:30 [INF] Computed Trade Blotter Analytics. Total Volume: ¤31,946,809.47, Total Trades: 304
2026-08-11 01:16:30.399 +05:30 [INF] HTTP GET /api/TradeBlotter/analytics responded 200 in 118.7697 ms
2026-08-11 01:16:30.491 +05:30 [INF] Computed Trade Blotter Analytics. Total Volume: ¤31,946,809.47, Total Trades: 304
2026-08-11 01:16:30.493 +05:30 [INF] HTTP GET /api/TradeBlotter/analytics responded 200 in 91.0752 ms
2026-08-11 01:16:56.343 +05:30 [INF] Fetched 10 trade items for Page 1 (Total records matching filter: 304)
2026-08-11 01:16:56.346 +05:30 [INF] HTTP GET /api/TradeBlotter responded 200 in 62.4829 ms
2026-08-11 01:21:12.545 +05:30 [INF] HTTP GET /api/Security responded 200 in 1102.8922 ms
2026-08-11 01:21:12.548 +05:30 [INF] Fetched 10 trade items for Page 1 (Total records matching filter: 304)
2026-08-11 01:21:12.577 +05:30 [INF] HTTP GET /api/TradeBlotter responded 200 in 1136.0751 ms
2026-08-11 01:21:12.616 +05:30 [INF] HTTP GET /api/Security responded 200 in 70.7728 ms
2026-08-11 01:21:12.646 +05:30 [INF] Fetched 10 trade items for Page 1 (Total records matching filter: 304)
2026-08-11 01:21:12.647 +05:30 [INF] HTTP GET /api/TradeBlotter responded 200 in 67.7378 ms
2026-08-11 01:21:12.750 +05:30 [INF] HTTP GET /api/Trader responded 200 in 172.1310 ms
2026-08-11 01:21:12.783 +05:30 [INF] HTTP GET /api/Trader responded 200 in 31.7640 ms
2026-08-11 01:21:38.347 +05:30 [INF] Fetched 10 trade items for Page 1 (Total records matching filter: 23)
2026-08-11 01:21:38.351 +05:30 [INF] HTTP GET /api/TradeBlotter responded 200 in 126.0250 ms
2026-08-11 01:21:49.810 +05:30 [WRN] The query uses the 'First'/'FirstOrDefault' operator without 'OrderBy' and filter operators. This may lead to unpredictable results.
2026-08-11 01:21:49.978 +05:30 [INF] Computed Trade Blotter Analytics. Total Volume: ¤3,415,005.15, Total Trades: 23
2026-08-11 01:21:49.988 +05:30 [INF] HTTP GET /api/TradeBlotter/analytics responded 200 in 212.6468 ms
2026-08-11 01:21:50.083 +05:30 [INF] Computed Trade Blotter Analytics. Total Volume: ¤3,415,005.15, Total Trades: 23
2026-08-11 01:21:50.085 +05:30 [INF] HTTP GET /api/TradeBlotter/analytics responded 200 in 93.9025 ms
2026-08-11 01:22:33.760 +05:30 [INF] Fetched 10 trade items for Page 1 (Total records matching filter: 23)
2026-08-11 01:22:33.763 +05:30 [INF] HTTP GET /api/TradeBlotter responded 200 in 68.2910 ms
2026-08-11 01:22:37.636 +05:30 [INF] HTTP GET /api/Security responded 200 in 32.3508 ms
2026-08-11 01:22:37.667 +05:30 [INF] Fetched 10 trade items for Page 1 (Total records matching filter: 304)
2026-08-11 01:22:37.668 +05:30 [INF] HTTP GET /api/Security responded 200 in 29.7358 ms
2026-08-11 01:22:37.670 +05:30 [INF] HTTP GET /api/TradeBlotter responded 200 in 64.0310 ms
2026-08-11 01:22:37.671 +05:30 [INF] HTTP GET /api/Trader responded 200 in 29.7615 ms
2026-08-11 01:22:37.707 +05:30 [INF] HTTP GET /api/Trader responded 200 in 32.6263 ms
2026-08-11 01:22:37.734 +05:30 [INF] Fetched 10 trade items for Page 1 (Total records matching filter: 304)
2026-08-11 01:22:37.736 +05:30 [INF] HTTP GET /api/TradeBlotter responded 200 in 64.0308 ms
2026-08-11 01:22:45.362 +05:30 [WRN] The query uses the 'First'/'FirstOrDefault' operator without 'OrderBy' and filter operators. This may lead to unpredictable results.
2026-08-11 01:22:45.478 +05:30 [INF] Computed Trade Blotter Analytics. Total Volume: ¤31,946,809.47, Total Trades: 304
2026-08-11 01:22:45.481 +05:30 [INF] HTTP GET /api/TradeBlotter/analytics responded 200 in 123.3673 ms
2026-08-11 01:22:45.576 +05:30 [INF] Computed Trade Blotter Analytics. Total Volume: ¤31,946,809.47, Total Trades: 304
2026-08-11 01:22:45.577 +05:30 [INF] HTTP GET /api/TradeBlotter/analytics responded 200 in 92.8331 ms
2026-08-11 02:09:13.932 +05:30 [INF] HTTP OPTIONS /api/PnL/summary responded 204 in 2.0022 ms
2026-08-11 02:09:14.901 +05:30 [INF] Rolling forward PnL state for BD01 from "2026-02-02" to "2026-03-31"...
2026-08-11 02:09:14.918 +05:30 [INF] Rolling forward PnL state for BD02 from "2026-02-02" to "2026-03-31"...
2026-08-11 02:09:14.957 +05:30 [INF] Successfully cached daily snapshots for SecurityId: BD01 up to "2026-03-31"
2026-08-11 02:09:14.963 +05:30 [INF] Rolling forward PnL state for BD03 from "2026-02-02" to "2026-03-31"...
2026-08-11 02:09:14.969 +05:30 [INF] Rolling forward PnL state for EQ01 from "2026-02-02" to "2026-03-31"...
2026-08-11 02:09:14.972 +05:30 [INF] Rolling forward PnL state for EQ02 from "2026-02-02" to "2026-03-31"...
2026-08-11 02:09:14.975 +05:30 [INF] Rolling forward PnL state for EQ03 from "2026-02-02" to "2026-03-31"...
2026-08-11 02:09:14.978 +05:30 [INF] Rolling forward PnL state for EQ04 from "2026-02-02" to "2026-03-31"...
2026-08-11 02:09:14.980 +05:30 [INF] Rolling forward PnL state for EQ05 from "2026-02-02" to "2026-03-31"...
2026-08-11 02:09:14.984 +05:30 [INF] Rolling forward PnL state for ET01 from "2026-02-02" to "2026-03-31"...
2026-08-11 02:09:14.987 +05:30 [INF] Rolling forward PnL state for ET02 from "2026-02-02" to "2026-03-31"...
2026-08-11 02:09:14.990 +05:30 [INF] Rolling forward PnL state for ET03 from "2026-02-02" to "2026-03-31"...
2026-08-11 02:09:14.991 +05:30 [INF] Successfully cached daily snapshots for SecurityId: BD02 up to "2026-03-31"
2026-08-11 02:09:15.021 +05:30 [INF] Successfully cached daily snapshots for SecurityId: ET03 up to "2026-03-31"
2026-08-11 02:09:15.117 +05:30 [INF] Successfully cached daily snapshots for SecurityId: BD03 up to "2026-03-31"
2026-08-11 02:09:15.117 +05:30 [INF] Successfully cached daily snapshots for SecurityId: EQ01 up to "2026-03-31"
2026-08-11 02:09:15.232 +05:30 [INF] Successfully cached daily snapshots for SecurityId: EQ02 up to "2026-03-31"
2026-08-11 02:09:15.232 +05:30 [INF] Successfully cached daily snapshots for SecurityId: EQ03 up to "2026-03-31"
2026-08-11 02:09:15.233 +05:30 [INF] Successfully cached daily snapshots for SecurityId: EQ04 up to "2026-03-31"
2026-08-11 02:09:15.348 +05:30 [INF] Successfully cached daily snapshots for SecurityId: ET02 up to "2026-03-31"
2026-08-11 02:09:15.348 +05:30 [INF] Successfully cached daily snapshots for SecurityId: ET01 up to "2026-03-31"
2026-08-11 02:09:15.371 +05:30 [INF] Successfully cached daily snapshots for SecurityId: EQ05 up to "2026-03-31"
2026-08-11 02:09:15.382 +05:30 [INF] HTTP GET /api/PnL/summary responded 200 in 1414.8924 ms
2026-08-11 02:09:19.405 +05:30 [INF] HTTP OPTIONS /api/PnL/timeseries responded 204 in 0.3498 ms
2026-08-11 02:09:19.405 +05:30 [INF] HTTP OPTIONS /api/PnL/timeseries responded 204 in 0.3563 ms
2026-08-11 02:09:21.313 +05:30 [INF] HTTP GET /api/PnL/timeseries responded 200 in 1903.7412 ms
2026-08-11 02:09:23.063 +05:30 [INF] HTTP GET /api/PnL/timeseries responded 200 in 1750.6799 ms
2026-08-11 02:13:26.646 +05:30 [INF] HTTP OPTIONS /api/PnL/summary responded 204 in 0.0632 ms
2026-08-11 02:13:26.730 +05:30 [INF] CACHE HIT | Position state found in memory for SecurityId: BD02 as of "2026-03-31"
2026-08-11 02:13:26.733 +05:30 [INF] HTTP GET /api/PnL/summary responded 200 in 83.1668 ms
2026-08-11 02:13:29.266 +05:30 [INF] HTTP OPTIONS /api/PnL/timeseries responded 204 in 0.3263 ms
2026-08-11 02:13:29.267 +05:30 [INF] HTTP OPTIONS /api/PnL/timeseries responded 204 in 0.0778 ms
2026-08-11 02:13:30.993 +05:30 [INF] HTTP GET /api/PnL/timeseries responded 200 in 1719.3502 ms
2026-08-11 02:13:32.703 +05:30 [INF] HTTP GET /api/PnL/timeseries responded 200 in 1707.7172 ms
2026-08-11 12:56:36.452 +05:30 [INF] HTTP GET /api/Security responded 200 in 119.7122 ms
2026-08-11 12:56:36.523 +05:30 [INF] HTTP GET /api/Security responded 200 in 70.1921 ms
2026-08-11 12:56:38.945 +05:30 [INF] HTTP GET /api/Security responded 200 in 31.4358 ms
2026-08-11 12:56:38.977 +05:30 [INF] HTTP GET /api/Security responded 200 in 30.1774 ms
2026-08-11 12:56:39.080 +05:30 [INF] Fetched 10 trade items for Page 1 (Total records matching filter: 304)
2026-08-11 12:56:39.087 +05:30 [INF] HTTP GET /api/TradeBlotter responded 200 in 161.8110 ms
2026-08-11 12:56:39.108 +05:30 [INF] HTTP GET /api/Trader responded 200 in 157.3128 ms
2026-08-11 12:56:39.140 +05:30 [INF] HTTP GET /api/Trader responded 200 in 29.6084 ms
2026-08-11 12:56:39.150 +05:30 [INF] Fetched 10 trade items for Page 1 (Total records matching filter: 304)
2026-08-11 12:56:39.151 +05:30 [INF] HTTP GET /api/TradeBlotter responded 200 in 63.1930 ms
2026-08-11 12:56:46.561 +05:30 [WRN] The query uses the 'First'/'FirstOrDefault' operator without 'OrderBy' and filter operators. This may lead to unpredictable results.
2026-08-11 12:56:46.686 +05:30 [INF] Computed Trade Blotter Analytics. Total Volume: ¤31,946,809.47, Total Trades: 304
2026-08-11 12:56:46.693 +05:30 [INF] HTTP GET /api/TradeBlotter/analytics responded 200 in 165.1040 ms
2026-08-11 12:56:46.803 +05:30 [INF] Computed Trade Blotter Analytics. Total Volume: ¤31,946,809.47, Total Trades: 304
2026-08-11 12:56:46.804 +05:30 [INF] HTTP GET /api/TradeBlotter/analytics responded 200 in 108.9068 ms
2026-08-11 12:56:47.782 +05:30 [INF] Fetched 10 trade items for Page 1 (Total records matching filter: 304)
2026-08-11 12:56:47.784 +05:30 [INF] HTTP GET /api/TradeBlotter responded 200 in 66.6400 ms
2026-08-11 12:56:49.334 +05:30 [INF] HTTP GET /api/Security responded 200 in 31.9818 ms
2026-08-11 12:56:49.366 +05:30 [INF] HTTP GET /api/Security responded 200 in 29.7613 ms
2026-08-11 12:56:53.528 +05:30 [INF] HTTP GET /api/Security responded 200 in 31.5053 ms
2026-08-11 12:56:53.559 +05:30 [INF] Fetched 10 trade items for Page 1 (Total records matching filter: 304)
2026-08-11 12:56:53.559 +05:30 [INF] HTTP GET /api/Security responded 200 in 29.3485 ms
2026-08-11 12:56:53.560 +05:30 [INF] HTTP GET /api/TradeBlotter responded 200 in 61.7574 ms
2026-08-11 12:56:53.620 +05:30 [INF] Fetched 10 trade items for Page 1 (Total records matching filter: 304)
2026-08-11 12:56:53.622 +05:30 [INF] HTTP GET /api/TradeBlotter responded 200 in 60.6949 ms
2026-08-11 12:56:53.681 +05:30 [INF] HTTP GET /api/Trader responded 200 in 147.7400 ms
2026-08-11 12:56:53.712 +05:30 [INF] HTTP GET /api/Trader responded 200 in 29.8318 ms
2026-08-11 12:57:03.390 +05:30 [INF] Fetched 10 trade items for Page 1 (Total records matching filter: 304)
2026-08-11 12:57:03.393 +05:30 [INF] HTTP GET /api/TradeBlotter responded 200 in 73.8711 ms
2026-08-11 12:57:13.497 +05:30 [INF] Fetched 10 trade items for Page 1 (Total records matching filter: 304)
2026-08-11 12:57:13.500 +05:30 [INF] HTTP GET /api/TradeBlotter responded 200 in 71.0503 ms
2026-08-11 12:57:26.364 +05:30 [INF] HTTP GET /api/Security responded 200 in 29.4126 ms
2026-08-11 12:57:26.395 +05:30 [INF] HTTP GET /api/Security responded 200 in 29.5707 ms
2026-08-11 12:57:31.397 +05:30 [INF] HTTP OPTIONS /api/PnL/summary responded 204 in 1.1101 ms
2026-08-11 12:57:31.518 +05:30 [INF] Rolling forward PnL state for EQ04 from "2026-02-02" to "2026-03-31"...
2026-08-11 12:57:31.577 +05:30 [INF] Successfully cached daily snapshots for SecurityId: EQ04 up to "2026-03-31"
2026-08-11 12:57:31.581 +05:30 [INF] HTTP GET /api/PnL/summary responded 200 in 180.0694 ms
2026-08-11 12:57:31.617 +05:30 [INF] HTTP OPTIONS /hubs/pnl/negotiate responded 204 in 0.1866 ms
2026-08-11 12:57:31.628 +05:30 [INF] HTTP POST /hubs/pnl/negotiate responded 200 in 3.2575 ms
2026-08-11 12:57:35.375 +05:30 [INF] HTTP OPTIONS /api/PnL/timeseries responded 204 in 0.0689 ms
2026-08-11 12:57:35.375 +05:30 [INF] HTTP OPTIONS /api/PnL/timeseries responded 204 in 0.0692 ms
2026-08-11 12:57:35.384 +05:30 [INF] HTTP CONNECT /hubs/pnl responded 200 in 3750.0232 ms
2026-08-11 12:57:39.126 +05:30 [INF] HTTP GET /api/PnL/timeseries responded 200 in 3747.8605 ms
2026-08-11 12:57:42.263 +05:30 [INF] HTTP GET /api/PnL/timeseries responded 200 in 3138.5979 ms
2026-08-11 12:58:17.816 +05:30 [INF] HTTP GET /api/Security responded 200 in 2409.9259 ms
2026-08-11 12:58:17.848 +05:30 [INF] HTTP GET /api/Security responded 200 in 30.1512 ms
2026-08-11 12:58:18.319 +05:30 [INF] HTTP GET /api/Security responded 200 in 30.1176 ms
2026-08-11 12:58:18.350 +05:30 [INF] HTTP GET /api/Security responded 200 in 29.4554 ms
2026-08-11 12:58:18.353 +05:30 [INF] HTTP GET /api/Trader responded 200 in 29.3971 ms
2026-08-11 12:58:18.354 +05:30 [INF] Fetched 10 trade items for Page 1 (Total records matching filter: 304)
2026-08-11 12:58:18.359 +05:30 [INF] HTTP GET /api/TradeBlotter responded 200 in 64.4237 ms
2026-08-11 12:58:18.383 +05:30 [INF] HTTP GET /api/Trader responded 200 in 28.7199 ms
2026-08-11 12:58:18.419 +05:30 [INF] Fetched 10 trade items for Page 1 (Total records matching filter: 304)
2026-08-11 12:58:18.420 +05:30 [INF] HTTP GET /api/TradeBlotter responded 200 in 60.1776 ms
2026-08-11 12:58:23.946 +05:30 [INF] Computed Trade Blotter Analytics. Total Volume: ¤31,946,809.47, Total Trades: 304
2026-08-11 12:58:23.947 +05:30 [INF] HTTP GET /api/TradeBlotter/analytics responded 200 in 90.7517 ms
2026-08-11 12:58:24.037 +05:30 [INF] Computed Trade Blotter Analytics. Total Volume: ¤31,946,809.47, Total Trades: 304
2026-08-11 12:58:24.040 +05:30 [INF] HTTP GET /api/TradeBlotter/analytics responded 200 in 90.9462 ms
2026-08-11 12:58:44.830 +05:30 [WRN] The query uses the 'First'/'FirstOrDefault' operator without 'OrderBy' and filter operators. This may lead to unpredictable results.
2026-08-11 12:58:45.127 +05:30 [INF] Fetched 10 trade items for Page 1 (Total records matching filter: 304)
2026-08-11 12:58:45.143 +05:30 [INF] HTTP GET /api/TradeBlotter responded 200 in 398.2697 ms
2026-08-11 12:58:45.167 +05:30 [INF] Computed Trade Blotter Analytics. Total Volume: ¤31,946,809.47, Total Trades: 304
2026-08-11 12:58:45.173 +05:30 [INF] HTTP GET /api/TradeBlotter/analytics responded 200 in 429.2432 ms
2026-08-11 12:59:07.753 +05:30 [INF] Fetched 10 trade items for Page 1 (Total records matching filter: 304)
2026-08-11 12:59:07.757 +05:30 [INF] HTTP GET /api/TradeBlotter responded 200 in 374.5792 ms
2026-08-11 12:59:07.771 +05:30 [INF] HTTP GET /api/Security responded 200 in 390.6188 ms
2026-08-11 12:59:07.803 +05:30 [INF] HTTP GET /api/Security responded 200 in 30.2950 ms
2026-08-11 12:59:07.821 +05:30 [INF] Fetched 10 trade items for Page 1 (Total records matching filter: 304)
2026-08-11 12:59:07.823 +05:30 [INF] HTTP GET /api/TradeBlotter responded 200 in 62.2256 ms
2026-08-11 12:59:07.945 +05:30 [INF] HTTP GET /api/Trader responded 200 in 159.5903 ms
2026-08-11 12:59:07.977 +05:30 [INF] HTTP GET /api/Trader responded 200 in 30.3246 ms
2026-08-11 12:59:12.993 +05:30 [INF] Fetched 10 trade items for Page 1 (Total records matching filter: 84)
2026-08-11 12:59:12.996 +05:30 [INF] HTTP GET /api/TradeBlotter responded 200 in 121.9280 ms
2026-08-11 12:59:33.740 +05:30 [WRN] The query uses the 'First'/'FirstOrDefault' operator without 'OrderBy' and filter operators. This may lead to unpredictable results.
2026-08-11 12:59:33.886 +05:30 [INF] Computed Trade Blotter Analytics. Total Volume: ¤5,928,171.60, Total Trades: 84
2026-08-11 12:59:33.888 +05:30 [INF] HTTP GET /api/TradeBlotter/analytics responded 200 in 152.2021 ms
2026-08-11 12:59:33.983 +05:30 [INF] Computed Trade Blotter Analytics. Total Volume: ¤5,928,171.60, Total Trades: 84
2026-08-11 12:59:33.986 +05:30 [INF] HTTP GET /api/TradeBlotter/analytics responded 200 in 95.6139 ms
2026-08-11 12:59:46.313 +05:30 [INF] Fetched 10 trade items for Page 1 (Total records matching filter: 84)
2026-08-11 12:59:46.315 +05:30 [INF] HTTP GET /api/TradeBlotter responded 200 in 65.1146 ms
2026-08-11 12:59:52.945 +05:30 [INF] HTTP GET /api/Security responded 200 in 37.4395 ms
2026-08-11 12:59:52.974 +05:30 [INF] Fetched 10 trade items for Page 1 (Total records matching filter: 304)
2026-08-11 12:59:52.976 +05:30 [INF] HTTP GET /api/TradeBlotter responded 200 in 64.2347 ms
2026-08-11 12:59:52.976 +05:30 [INF] HTTP GET /api/Security responded 200 in 29.0916 ms
2026-08-11 12:59:52.988 +05:30 [INF] HTTP GET /api/Trader responded 200 in 31.5415 ms
2026-08-11 12:59:53.039 +05:30 [INF] Fetched 10 trade items for Page 1 (Total records matching filter: 304)
2026-08-11 12:59:53.042 +05:30 [INF] HTTP GET /api/TradeBlotter responded 200 in 63.9097 ms
2026-08-11 12:59:53.064 +05:30 [INF] HTTP GET /api/Trader responded 200 in 29.1044 ms
2026-08-11 13:00:04.385 +05:30 [INF] Fetched 10 trade items for Page 1 (Total records matching filter: 84)
2026-08-11 13:00:04.387 +05:30 [INF] HTTP GET /api/TradeBlotter responded 200 in 69.4513 ms
2026-08-11 13:00:10.516 +05:30 [INF] Computed Trade Blotter Analytics. Total Volume: ¤5,928,171.60, Total Trades: 84
2026-08-11 13:00:10.518 +05:30 [INF] HTTP GET /api/TradeBlotter/analytics responded 200 in 96.6890 ms
2026-08-11 13:00:10.620 +05:30 [INF] Computed Trade Blotter Analytics. Total Volume: ¤5,928,171.60, Total Trades: 84
2026-08-11 13:00:10.622 +05:30 [INF] HTTP GET /api/TradeBlotter/analytics responded 200 in 100.8111 ms
2026-08-11 13:02:05.316 +05:30 [INF] Fetched 10 trade items for Page 1 (Total records matching filter: 84)
2026-08-11 13:02:05.319 +05:30 [INF] HTTP GET /api/TradeBlotter responded 200 in 78.2488 ms
2026-08-11 13:02:10.459 +05:30 [INF] Fetched 10 trade items for Page 1 (Total records matching filter: 84)
2026-08-11 13:02:10.461 +05:30 [INF] HTTP GET /api/TradeBlotter responded 200 in 84.2400 ms
2026-08-11 13:02:11.504 +05:30 [INF] Fetched 10 trade items for Page 1 (Total records matching filter: 84)
2026-08-11 13:02:11.508 +05:30 [INF] HTTP GET /api/TradeBlotter responded 200 in 65.6431 ms
2026-08-11 13:02:13.552 +05:30 [INF] Fetched 10 trade items for Page 1 (Total records matching filter: 84)
2026-08-11 13:02:13.554 +05:30 [INF] HTTP GET /api/TradeBlotter responded 200 in 67.0014 ms
2026-08-11 13:02:18.002 +05:30 [INF] Fetched 10 trade items for Page 1 (Total records matching filter: 84)
2026-08-11 13:02:18.005 +05:30 [INF] HTTP GET /api/TradeBlotter responded 200 in 64.1126 ms
2026-08-11 13:03:28.157 +05:30 [ERR] Failed executing DbCommand (8,302ms) [Parameters=[], CommandType='"Text"', CommandTimeout='30']
SELECT COUNT(*)
FROM [G7].[vw_TradeBlotter] AS [v]
2026-08-11 13:03:28.171 +05:30 [ERR] An exception occurred while iterating over the results of a query for context type 'CASE_STUDY_7.DataAccess.Vantage7Context'.
System.InvalidOperationException: An exception has been raised that is likely due to a transient failure. Consider enabling transient error resiliency by adding 'EnableRetryOnFailure' to the 'UseSqlServer' call.
 ---> Microsoft.Data.SqlClient.SqlException (0x80131904): A transport-level error has occurred when receiving results from the server. (provider: TCP Provider, error: 0 - An existing connection was forcibly closed by the remote host.)
 ---> System.ComponentModel.Win32Exception (10054): An existing connection was forcibly closed by the remote host.
   at System.Threading.Tasks.ContinuationResultTaskFromResultTask`2.InnerInvoke()
   at System.Threading.ExecutionContext.RunInternal(ExecutionContext executionContext, ContextCallback callback, Object state)
--- End of stack trace from previous location ---
   at System.Threading.ExecutionContext.RunInternal(ExecutionContext executionContext, ContextCallback callback, Object state)
   at System.Threading.Tasks.Task.ExecuteWithThreadLocal(Task& currentTaskSlot, Thread threadPoolThread)
--- End of stack trace from previous location ---
   at Microsoft.EntityFrameworkCore.Storage.RelationalCommand.ExecuteReaderAsync(RelationalCommandParameterObject parameterObject, CancellationToken cancellationToken)
   at Microsoft.EntityFrameworkCore.Storage.RelationalCommand.ExecuteReaderAsync(RelationalCommandParameterObject parameterObject, CancellationToken cancellationToken)
   at Microsoft.EntityFrameworkCore.Query.Internal.SingleQueryingEnumerable`1.AsyncEnumerator.InitializeReaderAsync(AsyncEnumerator enumerator, CancellationToken cancellationToken)
   at Microsoft.EntityFrameworkCore.SqlServer.Storage.Internal.SqlServerExecutionStrategy.ExecuteAsync[TState,TResult](TState state, Func`4 operation, Func`4 verifySucceeded, CancellationToken cancellationToken)
ClientConnectionId:55ce1366-5c8b-4d51-b2fc-b4bf04cf9bae
Error Number:10054,State:0,Class:20
   --- End of inner exception stack trace ---
   at Microsoft.EntityFrameworkCore.SqlServer.Storage.Internal.SqlServerExecutionStrategy.ExecuteAsync[TState,TResult](TState state, Func`4 operation, Func`4 verifySucceeded, CancellationToken cancellationToken)
   at Microsoft.EntityFrameworkCore.Query.Internal.SingleQueryingEnumerable`1.AsyncEnumerator.MoveNextAsync()
System.InvalidOperationException: An exception has been raised that is likely due to a transient failure. Consider enabling transient error resiliency by adding 'EnableRetryOnFailure' to the 'UseSqlServer' call.
 ---> Microsoft.Data.SqlClient.SqlException (0x80131904): A transport-level error has occurred when receiving results from the server. (provider: TCP Provider, error: 0 - An existing connection was forcibly closed by the remote host.)
 ---> System.ComponentModel.Win32Exception (10054): An existing connection was forcibly closed by the remote host.
   at System.Threading.Tasks.ContinuationResultTaskFromResultTask`2.InnerInvoke()
   at System.Threading.ExecutionContext.RunInternal(ExecutionContext executionContext, ContextCallback callback, Object state)
--- End of stack trace from previous location ---
   at System.Threading.ExecutionContext.RunInternal(ExecutionContext executionContext, ContextCallback callback, Object state)
   at System.Threading.Tasks.Task.ExecuteWithThreadLocal(Task& currentTaskSlot, Thread threadPoolThread)
--- End of stack trace from previous location ---
   at Microsoft.EntityFrameworkCore.Storage.RelationalCommand.ExecuteReaderAsync(RelationalCommandParameterObject parameterObject, CancellationToken cancellationToken)
   at Microsoft.EntityFrameworkCore.Storage.RelationalCommand.ExecuteReaderAsync(RelationalCommandParameterObject parameterObject, CancellationToken cancellationToken)
   at Microsoft.EntityFrameworkCore.Query.Internal.SingleQueryingEnumerable`1.AsyncEnumerator.InitializeReaderAsync(AsyncEnumerator enumerator, CancellationToken cancellationToken)
   at Microsoft.EntityFrameworkCore.SqlServer.Storage.Internal.SqlServerExecutionStrategy.ExecuteAsync[TState,TResult](TState state, Func`4 operation, Func`4 verifySucceeded, CancellationToken cancellationToken)
ClientConnectionId:55ce1366-5c8b-4d51-b2fc-b4bf04cf9bae
Error Number:10054,State:0,Class:20
   --- End of inner exception stack trace ---
   at Microsoft.EntityFrameworkCore.SqlServer.Storage.Internal.SqlServerExecutionStrategy.ExecuteAsync[TState,TResult](TState state, Func`4 operation, Func`4 verifySucceeded, CancellationToken cancellationToken)
   at Microsoft.EntityFrameworkCore.Query.Internal.SingleQueryingEnumerable`1.AsyncEnumerator.MoveNextAsync()
2026-08-11 13:03:28.353 +05:30 [ERR] HTTP GET /api/TradeBlotter responded 500 in 8503.1766 ms
System.InvalidOperationException: An exception has been raised that is likely due to a transient failure. Consider enabling transient error resiliency by adding 'EnableRetryOnFailure' to the 'UseSqlServer' call.
 ---> Microsoft.Data.SqlClient.SqlException (0x80131904): A transport-level error has occurred when receiving results from the server. (provider: TCP Provider, error: 0 - An existing connection was forcibly closed by the remote host.)
 ---> System.ComponentModel.Win32Exception (10054): An existing connection was forcibly closed by the remote host.
   at System.Threading.Tasks.ContinuationResultTaskFromResultTask`2.InnerInvoke()
   at System.Threading.ExecutionContext.RunInternal(ExecutionContext executionContext, ContextCallback callback, Object state)
--- End of stack trace from previous location ---
   at System.Threading.ExecutionContext.RunInternal(ExecutionContext executionContext, ContextCallback callback, Object state)
   at System.Threading.Tasks.Task.ExecuteWithThreadLocal(Task& currentTaskSlot, Thread threadPoolThread)
--- End of stack trace from previous location ---
   at Microsoft.EntityFrameworkCore.Storage.RelationalCommand.ExecuteReaderAsync(RelationalCommandParameterObject parameterObject, CancellationToken cancellationToken)
   at Microsoft.EntityFrameworkCore.Storage.RelationalCommand.ExecuteReaderAsync(RelationalCommandParameterObject parameterObject, CancellationToken cancellationToken)
   at Microsoft.EntityFrameworkCore.Query.Internal.SingleQueryingEnumerable`1.AsyncEnumerator.InitializeReaderAsync(AsyncEnumerator enumerator, CancellationToken cancellationToken)
   at Microsoft.EntityFrameworkCore.SqlServer.Storage.Internal.SqlServerExecutionStrategy.ExecuteAsync[TState,TResult](TState state, Func`4 operation, Func`4 verifySucceeded, CancellationToken cancellationToken)
ClientConnectionId:55ce1366-5c8b-4d51-b2fc-b4bf04cf9bae
Error Number:10054,State:0,Class:20
   --- End of inner exception stack trace ---
   at Microsoft.EntityFrameworkCore.SqlServer.Storage.Internal.SqlServerExecutionStrategy.ExecuteAsync[TState,TResult](TState state, Func`4 operation, Func`4 verifySucceeded, CancellationToken cancellationToken)
   at Microsoft.EntityFrameworkCore.Query.Internal.SingleQueryingEnumerable`1.AsyncEnumerator.MoveNextAsync()
   at Microsoft.EntityFrameworkCore.Query.ShapedQueryCompilingExpressionVisitor.SingleAsync[TSource](IAsyncEnumerable`1 asyncEnumerable, CancellationToken cancellationToken)
   at Microsoft.EntityFrameworkCore.Query.ShapedQueryCompilingExpressionVisitor.SingleAsync[TSource](IAsyncEnumerable`1 asyncEnumerable, CancellationToken cancellationToken)
   at CASE_STUDY_7_DataAccess.Repositories.TradeBlotteRepo.TradeBlotterRepository.GetTradeBlotterAsync(TradeBlotterRequestDto request, CancellationToken cancellationToken) in D:\CaseStudy\WEB_API\CASE_STUDY_7\CASE_STUDY_7_DataAccess\Repositories\TradeBlotteRepo\TradeBlotterRepository.cs:line 38
   at CASE_STUDY_7.Controllers.TradeBlotterController.GetTradeBlotter(TradeBlotterRequestDto request, CancellationToken cancellationToken) in D:\CaseStudy\WEB_API\CASE_STUDY_7\CASE_STUDY_7\Controllers\TradeBlotterController.cs:line 22
   at Microsoft.AspNetCore.Mvc.Infrastructure.ActionMethodExecutor.TaskOfIActionResultExecutor.Execute(ActionContext actionContext, IActionResultTypeMapper mapper, ObjectMethodExecutor executor, Object controller, Object[] arguments)
   at Microsoft.AspNetCore.Mvc.Infrastructure.ControllerActionInvoker.<InvokeActionMethodAsync>g__Awaited|12_0(ControllerActionInvoker invoker, ValueTask`1 actionResultValueTask)
   at Microsoft.AspNetCore.Mvc.Infrastructure.ControllerActionInvoker.<InvokeNextActionFilterAsync>g__Awaited|10_0(ControllerActionInvoker invoker, Task lastTask, State next, Scope scope, Object state, Boolean isCompleted)
   at Microsoft.AspNetCore.Mvc.Infrastructure.ControllerActionInvoker.Rethrow(ActionExecutedContextSealed context)
   at Microsoft.AspNetCore.Mvc.Infrastructure.ControllerActionInvoker.Next(State& next, Scope& scope, Object& state, Boolean& isCompleted)
   at Microsoft.AspNetCore.Mvc.Infrastructure.ControllerActionInvoker.<InvokeInnerFilterAsync>g__Awaited|13_0(ControllerActionInvoker invoker, Task lastTask, State next, Scope scope, Object state, Boolean isCompleted)
   at Microsoft.AspNetCore.Mvc.Infrastructure.ResourceInvoker.<InvokeFilterPipelineAsync>g__Awaited|20_0(ResourceInvoker invoker, Task lastTask, State next, Scope scope, Object state, Boolean isCompleted)
   at Microsoft.AspNetCore.Mvc.Infrastructure.ResourceInvoker.<InvokeAsync>g__Awaited|17_0(ResourceInvoker invoker, Task task, IDisposable scope)
   at Microsoft.AspNetCore.Mvc.Infrastructure.ResourceInvoker.<InvokeAsync>g__Awaited|17_0(ResourceInvoker invoker, Task task, IDisposable scope)
   at Microsoft.AspNetCore.Authorization.AuthorizationMiddleware.Invoke(HttpContext context)
   at Serilog.AspNetCore.RequestLoggingMiddleware.Invoke(HttpContext httpContext)
2026-08-11 13:03:28.363 +05:30 [ERR] An unhandled exception has occurred while executing the request.
System.InvalidOperationException: An exception has been raised that is likely due to a transient failure. Consider enabling transient error resiliency by adding 'EnableRetryOnFailure' to the 'UseSqlServer' call.
 ---> Microsoft.Data.SqlClient.SqlException (0x80131904): A transport-level error has occurred when receiving results from the server. (provider: TCP Provider, error: 0 - An existing connection was forcibly closed by the remote host.)
 ---> System.ComponentModel.Win32Exception (10054): An existing connection was forcibly closed by the remote host.
   at System.Threading.Tasks.ContinuationResultTaskFromResultTask`2.InnerInvoke()
   at System.Threading.ExecutionContext.RunInternal(ExecutionContext executionContext, ContextCallback callback, Object state)
--- End of stack trace from previous location ---
   at System.Threading.ExecutionContext.RunInternal(ExecutionContext executionContext, ContextCallback callback, Object state)
   at System.Threading.Tasks.Task.ExecuteWithThreadLocal(Task& currentTaskSlot, Thread threadPoolThread)
--- End of stack trace from previous location ---
   at Microsoft.EntityFrameworkCore.Storage.RelationalCommand.ExecuteReaderAsync(RelationalCommandParameterObject parameterObject, CancellationToken cancellationToken)
   at Microsoft.EntityFrameworkCore.Storage.RelationalCommand.ExecuteReaderAsync(RelationalCommandParameterObject parameterObject, CancellationToken cancellationToken)
   at Microsoft.EntityFrameworkCore.Query.Internal.SingleQueryingEnumerable`1.AsyncEnumerator.InitializeReaderAsync(AsyncEnumerator enumerator, CancellationToken cancellationToken)
   at Microsoft.EntityFrameworkCore.SqlServer.Storage.Internal.SqlServerExecutionStrategy.ExecuteAsync[TState,TResult](TState state, Func`4 operation, Func`4 verifySucceeded, CancellationToken cancellationToken)
ClientConnectionId:55ce1366-5c8b-4d51-b2fc-b4bf04cf9bae
Error Number:10054,State:0,Class:20
   --- End of inner exception stack trace ---
   at Microsoft.EntityFrameworkCore.SqlServer.Storage.Internal.SqlServerExecutionStrategy.ExecuteAsync[TState,TResult](TState state, Func`4 operation, Func`4 verifySucceeded, CancellationToken cancellationToken)
   at Microsoft.EntityFrameworkCore.Query.Internal.SingleQueryingEnumerable`1.AsyncEnumerator.MoveNextAsync()
   at Microsoft.EntityFrameworkCore.Query.ShapedQueryCompilingExpressionVisitor.SingleAsync[TSource](IAsyncEnumerable`1 asyncEnumerable, CancellationToken cancellationToken)
   at Microsoft.EntityFrameworkCore.Query.ShapedQueryCompilingExpressionVisitor.SingleAsync[TSource](IAsyncEnumerable`1 asyncEnumerable, CancellationToken cancellationToken)
   at CASE_STUDY_7_DataAccess.Repositories.TradeBlotteRepo.TradeBlotterRepository.GetTradeBlotterAsync(TradeBlotterRequestDto request, CancellationToken cancellationToken) in D:\CaseStudy\WEB_API\CASE_STUDY_7\CASE_STUDY_7_DataAccess\Repositories\TradeBlotteRepo\TradeBlotterRepository.cs:line 38
   at CASE_STUDY_7.Controllers.TradeBlotterController.GetTradeBlotter(TradeBlotterRequestDto request, CancellationToken cancellationToken) in D:\CaseStudy\WEB_API\CASE_STUDY_7\CASE_STUDY_7\Controllers\TradeBlotterController.cs:line 22
   at Microsoft.AspNetCore.Mvc.Infrastructure.ActionMethodExecutor.TaskOfIActionResultExecutor.Execute(ActionContext actionContext, IActionResultTypeMapper mapper, ObjectMethodExecutor executor, Object controller, Object[] arguments)
   at Microsoft.AspNetCore.Mvc.Infrastructure.ControllerActionInvoker.<InvokeActionMethodAsync>g__Awaited|12_0(ControllerActionInvoker invoker, ValueTask`1 actionResultValueTask)
   at Microsoft.AspNetCore.Mvc.Infrastructure.ControllerActionInvoker.<InvokeNextActionFilterAsync>g__Awaited|10_0(ControllerActionInvoker invoker, Task lastTask, State next, Scope scope, Object state, Boolean isCompleted)
   at Microsoft.AspNetCore.Mvc.Infrastructure.ControllerActionInvoker.Rethrow(ActionExecutedContextSealed context)
   at Microsoft.AspNetCore.Mvc.Infrastructure.ControllerActionInvoker.Next(State& next, Scope& scope, Object& state, Boolean& isCompleted)
   at Microsoft.AspNetCore.Mvc.Infrastructure.ControllerActionInvoker.<InvokeInnerFilterAsync>g__Awaited|13_0(ControllerActionInvoker invoker, Task lastTask, State next, Scope scope, Object state, Boolean isCompleted)
   at Microsoft.AspNetCore.Mvc.Infrastructure.ResourceInvoker.<InvokeFilterPipelineAsync>g__Awaited|20_0(ResourceInvoker invoker, Task lastTask, State next, Scope scope, Object state, Boolean isCompleted)
   at Microsoft.AspNetCore.Mvc.Infrastructure.ResourceInvoker.<InvokeAsync>g__Awaited|17_0(ResourceInvoker invoker, Task task, IDisposable scope)
   at Microsoft.AspNetCore.Mvc.Infrastructure.ResourceInvoker.<InvokeAsync>g__Awaited|17_0(ResourceInvoker invoker, Task task, IDisposable scope)
   at Microsoft.AspNetCore.Authorization.AuthorizationMiddleware.Invoke(HttpContext context)
   at Serilog.AspNetCore.RequestLoggingMiddleware.Invoke(HttpContext httpContext)
   at Swashbuckle.AspNetCore.SwaggerUI.SwaggerUIMiddleware.Invoke(HttpContext httpContext)
   at Swashbuckle.AspNetCore.Swagger.SwaggerMiddleware.Invoke(HttpContext httpContext, ISwaggerProvider swaggerProvider)
   at Microsoft.AspNetCore.Authentication.AuthenticationMiddleware.Invoke(HttpContext context)
   at Microsoft.AspNetCore.Diagnostics.DeveloperExceptionPageMiddlewareImpl.Invoke(HttpContext context)
2026-08-11 13:03:32.942 +05:30 [INF] HTTP GET /api/Security responded 200 in 30.2596 ms
2026-08-11 13:03:32.974 +05:30 [INF] HTTP GET /api/Security responded 200 in 29.7099 ms
2026-08-11 13:03:32.977 +05:30 [INF] Fetched 10 trade items for Page 1 (Total records matching filter: 304)
2026-08-11 13:03:32.978 +05:30 [INF] HTTP GET /api/TradeBlotter responded 200 in 62.4825 ms
2026-08-11 13:03:33.037 +05:30 [INF] Fetched 10 trade items for Page 1 (Total records matching filter: 304)
2026-08-11 13:03:33.039 +05:30 [INF] HTTP GET /api/TradeBlotter responded 200 in 60.3642 ms
2026-08-11 13:03:33.097 +05:30 [INF] HTTP GET /api/Trader responded 200 in 148.3475 ms
2026-08-11 13:03:33.131 +05:30 [INF] HTTP GET /api/Trader responded 200 in 32.1883 ms
2026-08-11 13:03:36.081 +05:30 [INF] HTTP GET /api/Security responded 200 in 30.4090 ms
2026-08-11 13:03:36.114 +05:30 [INF] HTTP GET /api/Security responded 200 in 29.7530 ms
2026-08-11 13:03:36.118 +05:30 [INF] Fetched 10 trade items for Page 1 (Total records matching filter: 304)
2026-08-11 13:03:36.119 +05:30 [INF] HTTP GET /api/Trader responded 200 in 30.3205 ms
2026-08-11 13:03:36.119 +05:30 [INF] HTTP GET /api/TradeBlotter responded 200 in 65.3002 ms
2026-08-11 13:03:36.149 +05:30 [INF] HTTP GET /api/Trader responded 200 in 29.1620 ms
2026-08-11 13:03:36.179 +05:30 [INF] Fetched 10 trade items for Page 1 (Total records matching filter: 304)
2026-08-11 13:03:36.182 +05:30 [INF] HTTP GET /api/TradeBlotter responded 200 in 61.0547 ms
2026-08-11 13:03:45.433 +05:30 [INF] Computed Trade Blotter Analytics. Total Volume: ¤31,946,809.47, Total Trades: 304
2026-08-11 13:03:45.435 +05:30 [INF] HTTP GET /api/TradeBlotter/analytics responded 200 in 92.2070 ms
2026-08-11 13:03:45.526 +05:30 [INF] Computed Trade Blotter Analytics. Total Volume: ¤31,946,809.47, Total Trades: 304
2026-08-11 13:03:45.528 +05:30 [INF] HTTP GET /api/TradeBlotter/analytics responded 200 in 91.0700 ms
2026-08-11 13:04:43.177 +05:30 [INF] HTTP GET /api/Security responded 200 in 29.4274 ms
2026-08-11 13:04:43.209 +05:30 [INF] HTTP GET /api/Security responded 200 in 30.1738 ms
2026-08-11 13:04:44.407 +05:30 [INF] HTTP GET /api/Security responded 200 in 29.6761 ms
2026-08-11 13:04:44.438 +05:30 [INF] HTTP GET /api/Security responded 200 in 29.2666 ms
2026-08-11 13:04:44.440 +05:30 [INF] HTTP GET /api/Trader responded 200 in 28.7708 ms
2026-08-11 13:04:44.441 +05:30 [INF] Fetched 10 trade items for Page 1 (Total records matching filter: 304)
2026-08-11 13:04:44.444 +05:30 [INF] HTTP GET /api/TradeBlotter responded 200 in 64.4561 ms
2026-08-11 13:04:44.471 +05:30 [INF] HTTP GET /api/Trader responded 200 in 29.1738 ms
2026-08-11 13:04:44.506 +05:30 [INF] Fetched 10 trade items for Page 1 (Total records matching filter: 304)
2026-08-11 13:04:44.507 +05:30 [INF] HTTP GET /api/TradeBlotter responded 200 in 61.0057 ms
2026-08-11 13:04:47.569 +05:30 [INF] HTTP GET /api/Security responded 200 in 29.8039 ms
2026-08-11 13:04:47.600 +05:30 [INF] HTTP GET /api/Security responded 200 in 29.2852 ms
2026-08-11 13:04:48.515 +05:30 [INF] HTTP OPTIONS /api/PnL/summary responded 204 in 0.6780 ms
2026-08-11 13:04:48.600 +05:30 [INF] Rolling forward PnL state for BD01 from "2026-02-02" to "2026-03-31"...
2026-08-11 13:04:48.615 +05:30 [INF] Rolling forward PnL state for BD02 from "2026-02-02" to "2026-03-31"...
2026-08-11 13:04:48.618 +05:30 [INF] Rolling forward PnL state for BD03 from "2026-02-02" to "2026-03-31"...
2026-08-11 13:04:48.621 +05:30 [INF] Rolling forward PnL state for EQ01 from "2026-02-02" to "2026-03-31"...
2026-08-11 13:04:48.624 +05:30 [INF] Rolling forward PnL state for EQ02 from "2026-02-02" to "2026-03-31"...
2026-08-11 13:04:48.627 +05:30 [INF] Rolling forward PnL state for EQ03 from "2026-02-02" to "2026-03-31"...
2026-08-11 13:04:48.630 +05:30 [INF] Rolling forward PnL state for EQ04 from "2026-02-02" to "2026-03-31"...
2026-08-11 13:04:48.632 +05:30 [INF] Rolling forward PnL state for EQ05 from "2026-02-02" to "2026-03-31"...
2026-08-11 13:04:48.635 +05:30 [INF] Rolling forward PnL state for ET01 from "2026-02-02" to "2026-03-31"...
2026-08-11 13:04:48.637 +05:30 [INF] Rolling forward PnL state for ET02 from "2026-02-02" to "2026-03-31"...
2026-08-11 13:04:48.639 +05:30 [INF] Rolling forward PnL state for ET03 from "2026-02-02" to "2026-03-31"...
2026-08-11 13:04:48.645 +05:30 [INF] Successfully cached daily snapshots for SecurityId: BD01 up to "2026-03-31"
2026-08-11 13:04:48.647 +05:30 [INF] Successfully cached daily snapshots for SecurityId: BD02 up to "2026-03-31"
2026-08-11 13:04:48.649 +05:30 [INF] Successfully cached daily snapshots for SecurityId: BD03 up to "2026-03-31"
2026-08-11 13:04:48.769 +05:30 [INF] Successfully cached daily snapshots for SecurityId: EQ04 up to "2026-03-31"
2026-08-11 13:04:48.770 +05:30 [INF] Successfully cached daily snapshots for SecurityId: EQ01 up to "2026-03-31"
2026-08-11 13:04:48.770 +05:30 [INF] Successfully cached daily snapshots for SecurityId: EQ02 up to "2026-03-31"
2026-08-11 13:04:48.770 +05:30 [INF] Successfully cached daily snapshots for SecurityId: EQ03 up to "2026-03-31"
2026-08-11 13:04:48.884 +05:30 [INF] Successfully cached daily snapshots for SecurityId: EQ05 up to "2026-03-31"
2026-08-11 13:04:48.884 +05:30 [INF] Successfully cached daily snapshots for SecurityId: ET02 up to "2026-03-31"
2026-08-11 13:04:48.885 +05:30 [INF] Successfully cached daily snapshots for SecurityId: ET01 up to "2026-03-31"
2026-08-11 13:04:48.884 +05:30 [INF] Successfully cached daily snapshots for SecurityId: ET03 up to "2026-03-31"
2026-08-11 13:04:48.891 +05:30 [INF] HTTP GET /api/PnL/summary responded 200 in 370.4890 ms
2026-08-11 13:04:48.927 +05:30 [INF] HTTP OPTIONS /hubs/pnl/negotiate responded 204 in 0.1969 ms
2026-08-11 13:04:48.940 +05:30 [INF] HTTP POST /hubs/pnl/negotiate responded 200 in 3.7305 ms
2026-08-11 13:04:57.955 +05:30 [INF] HTTP CONNECT /hubs/pnl responded 200 in 9002.1290 ms
2026-08-11 13:04:57.971 +05:30 [INF] HTTP GET /api/Security responded 200 in 29.5190 ms
2026-08-11 13:04:58.003 +05:30 [INF] HTTP GET /api/Security responded 200 in 30.1501 ms
2026-08-11 13:04:58.006 +05:30 [INF] HTTP GET /api/Trader responded 200 in 29.9968 ms
2026-08-11 13:04:58.007 +05:30 [INF] Fetched 10 trade items for Page 1 (Total records matching filter: 304)
2026-08-11 13:04:58.012 +05:30 [INF] HTTP GET /api/TradeBlotter responded 200 in 67.4993 ms
2026-08-11 13:04:58.036 +05:30 [INF] HTTP GET /api/Trader responded 200 in 28.6854 ms
2026-08-11 13:04:58.071 +05:30 [INF] Fetched 10 trade items for Page 1 (Total records matching filter: 304)
2026-08-11 13:04:58.074 +05:30 [INF] HTTP GET /api/TradeBlotter responded 200 in 61.8083 ms
2026-08-11 13:05:08.567 +05:30 [INF] HTTP GET /api/Security responded 200 in 30.6059 ms
2026-08-11 13:05:08.598 +05:30 [INF] HTTP GET /api/Security responded 200 in 29.2347 ms
2026-08-11 13:05:10.094 +05:30 [INF] HTTP OPTIONS /api/PnL/summary responded 204 in 0.1587 ms
2026-08-11 13:05:10.159 +05:30 [INF] CACHE HIT | Position state found in memory for SecurityId: BD01 as of "2026-03-31"
2026-08-11 13:05:10.161 +05:30 [INF] CACHE HIT | Position state found in memory for SecurityId: BD02 as of "2026-03-31"
2026-08-11 13:05:10.162 +05:30 [INF] CACHE HIT | Position state found in memory for SecurityId: BD03 as of "2026-03-31"
2026-08-11 13:05:10.164 +05:30 [INF] CACHE HIT | Position state found in memory for SecurityId: EQ01 as of "2026-03-31"
2026-08-11 13:05:10.166 +05:30 [INF] CACHE HIT | Position state found in memory for SecurityId: EQ02 as of "2026-03-31"
2026-08-11 13:05:10.167 +05:30 [INF] CACHE HIT | Position state found in memory for SecurityId: EQ03 as of "2026-03-31"
2026-08-11 13:05:10.169 +05:30 [INF] CACHE HIT | Position state found in memory for SecurityId: EQ04 as of "2026-03-31"
2026-08-11 13:05:10.170 +05:30 [INF] CACHE HIT | Position state found in memory for SecurityId: EQ05 as of "2026-03-31"
2026-08-11 13:05:10.170 +05:30 [INF] CACHE HIT | Position state found in memory for SecurityId: ET01 as of "2026-03-31"
2026-08-11 13:05:10.171 +05:30 [INF] CACHE HIT | Position state found in memory for SecurityId: ET02 as of "2026-03-31"
2026-08-11 13:05:10.172 +05:30 [INF] CACHE HIT | Position state found in memory for SecurityId: ET03 as of "2026-03-31"
2026-08-11 13:05:10.173 +05:30 [INF] HTTP GET /api/PnL/summary responded 200 in 74.3703 ms
2026-08-11 13:05:10.207 +05:30 [INF] HTTP OPTIONS /hubs/pnl/negotiate responded 204 in 0.0585 ms
2026-08-11 13:05:10.211 +05:30 [INF] HTTP POST /hubs/pnl/negotiate responded 200 in 0.2702 ms
2026-08-11 13:05:57.906 +05:30 [INF] HTTP OPTIONS /api/PnL/timeseries responded 204 in 0.6697 ms
2026-08-11 13:05:57.906 +05:30 [INF] HTTP OPTIONS /api/PnL/timeseries responded 204 in 0.5299 ms
2026-08-11 13:05:57.911 +05:30 [INF] HTTP CONNECT /hubs/pnl responded 200 in 47678.9186 ms
2026-08-11 13:05:59.719 +05:30 [INF] HTTP GET /api/PnL/timeseries responded 200 in 1808.2793 ms
2026-08-11 13:06:01.531 +05:30 [INF] HTTP GET /api/PnL/timeseries responded 200 in 1816.4246 ms
2026-08-11 13:07:24.433 +05:30 [INF] HTTP GET /api/Security responded 200 in 30.8339 ms
2026-08-11 13:07:24.465 +05:30 [INF] Fetched 10 trade items for Page 1 (Total records matching filter: 304)
2026-08-11 13:07:24.466 +05:30 [INF] HTTP GET /api/Security responded 200 in 30.8023 ms
2026-08-11 13:07:24.466 +05:30 [INF] HTTP GET /api/TradeBlotter responded 200 in 62.2782 ms
2026-08-11 13:07:24.469 +05:30 [INF] HTTP GET /api/Trader responded 200 in 29.2035 ms
2026-08-11 13:07:24.502 +05:30 [INF] HTTP GET /api/Trader responded 200 in 30.0062 ms
2026-08-11 13:07:24.527 +05:30 [INF] Fetched 10 trade items for Page 1 (Total records matching filter: 304)
2026-08-11 13:07:24.529 +05:30 [INF] HTTP GET /api/TradeBlotter responded 200 in 61.1101 ms
2026-08-11 13:20:47.946 +05:30 [INF] HTTP GET /api/Security responded 200 in 153.2654 ms
2026-08-11 13:20:47.979 +05:30 [INF] HTTP GET /api/Security responded 200 in 31.3041 ms
2026-08-11 13:20:51.156 +05:30 [INF] HTTP GET /api/Security responded 200 in 29.7826 ms
2026-08-11 13:20:51.187 +05:30 [INF] HTTP GET /api/Security responded 200 in 29.5786 ms
2026-08-11 13:20:51.282 +05:30 [INF] HTTP GET /api/Trader responded 200 in 121.3613 ms
2026-08-11 13:20:51.311 +05:30 [INF] Fetched 10 trade items for Page 1 (Total records matching filter: 304)
2026-08-11 13:20:51.312 +05:30 [INF] HTTP GET /api/TradeBlotter responded 200 in 183.7618 ms
2026-08-11 13:20:51.313 +05:30 [INF] HTTP GET /api/Trader responded 200 in 28.8393 ms
2026-08-11 13:20:51.373 +05:30 [INF] Fetched 10 trade items for Page 1 (Total records matching filter: 304)
2026-08-11 13:20:51.377 +05:30 [INF] HTTP GET /api/TradeBlotter responded 200 in 63.1877 ms
2026-08-11 13:22:05.358 +05:30 [INF] HTTP GET /api/Security responded 200 in 29.3887 ms
2026-08-11 13:22:05.390 +05:30 [INF] HTTP GET /api/Security responded 200 in 29.7780 ms
2026-08-11 13:22:06.434 +05:30 [INF] HTTP GET /api/Security responded 200 in 30.4235 ms
2026-08-11 13:22:06.465 +05:30 [INF] HTTP GET /api/Security responded 200 in 29.1313 ms
2026-08-11 13:22:06.469 +05:30 [INF] Fetched 10 trade items for Page 1 (Total records matching filter: 304)
2026-08-11 13:22:06.470 +05:30 [INF] HTTP GET /api/TradeBlotter responded 200 in 64.0840 ms
2026-08-11 13:22:06.530 +05:30 [INF] Fetched 10 trade items for Page 1 (Total records matching filter: 304)
2026-08-11 13:22:06.531 +05:30 [INF] HTTP GET /api/TradeBlotter responded 200 in 60.2254 ms
2026-08-11 13:22:06.589 +05:30 [INF] HTTP GET /api/Trader responded 200 in 149.5103 ms
2026-08-11 13:22:06.652 +05:30 [INF] HTTP GET /api/Trader responded 200 in 61.0424 ms
2026-08-11 13:28:29.863 +05:30 [INF] HTTP GET /api/Security responded 200 in 188.5110 ms
2026-08-11 13:28:29.893 +05:30 [INF] HTTP GET /api/Security responded 200 in 29.0182 ms
2026-08-11 13:36:32.085 +05:30 [INF] HTTP GET /api/Security responded 200 in 154.2086 ms
2026-08-11 13:36:32.118 +05:30 [INF] HTTP GET /api/Security responded 200 in 29.5815 ms
2026-08-11 13:36:32.200 +05:30 [INF] HTTP GET /api/Trader responded 200 in 105.8641 ms
2026-08-11 13:36:32.230 +05:30 [INF] Fetched 10 trade items for Page 1 (Total records matching filter: 304)
2026-08-11 13:36:32.231 +05:30 [INF] HTTP GET /api/Trader responded 200 in 28.5718 ms
2026-08-11 13:36:32.232 +05:30 [INF] HTTP GET /api/TradeBlotter responded 200 in 296.6623 ms
2026-08-11 13:36:32.293 +05:30 [INF] Fetched 10 trade items for Page 1 (Total records matching filter: 304)
2026-08-11 13:36:32.295 +05:30 [INF] HTTP GET /api/TradeBlotter responded 200 in 61.0918 ms
2026-08-11 13:36:38.616 +05:30 [INF] HTTP GET /api/Security responded 200 in 29.8907 ms
2026-08-11 13:36:38.647 +05:30 [INF] HTTP GET /api/Security responded 200 in 29.2567 ms
2026-08-11 13:36:38.648 +05:30 [INF] Fetched 10 trade items for Page 1 (Total records matching filter: 304)
2026-08-11 13:36:38.650 +05:30 [INF] HTTP GET /api/TradeBlotter responded 200 in 59.9976 ms
2026-08-11 13:36:38.710 +05:30 [INF] Fetched 10 trade items for Page 1 (Total records matching filter: 304)
2026-08-11 13:36:38.712 +05:30 [INF] HTTP GET /api/TradeBlotter responded 200 in 61.5527 ms
2026-08-11 13:36:38.770 +05:30 [INF] HTTP GET /api/Trader responded 200 in 147.6699 ms
2026-08-11 13:36:38.800 +05:30 [INF] HTTP GET /api/Trader responded 200 in 29.1986 ms
2026-08-11 13:36:42.436 +05:30 [INF] Fetched 10 trade items for Page 1 (Total records matching filter: 304)
2026-08-11 13:36:42.439 +05:30 [INF] HTTP GET /api/TradeBlotter responded 200 in 62.6399 ms
2026-08-11 13:36:46.621 +05:30 [INF] Fetched 10 trade items for Page 1 (Total records matching filter: 23)
2026-08-11 13:36:46.624 +05:30 [INF] HTTP GET /api/TradeBlotter responded 200 in 99.2857 ms
2026-08-11 13:36:48.836 +05:30 [INF] Fetched 10 trade items for Page 1 (Total records matching filter: 304)
2026-08-11 13:36:48.838 +05:30 [INF] HTTP GET /api/TradeBlotter responded 200 in 61.1712 ms
2026-08-11 13:37:04.494 +05:30 [INF] HTTP GET /api/Security responded 200 in 30.2507 ms
2026-08-11 13:37:04.526 +05:30 [INF] HTTP GET /api/Security responded 200 in 29.8373 ms
2026-08-11 13:37:05.944 +05:30 [INF] HTTP GET /api/Security responded 200 in 29.2901 ms
2026-08-11 13:37:05.975 +05:30 [INF] HTTP GET /api/Security responded 200 in 29.3655 ms
2026-08-11 13:37:05.979 +05:30 [INF] Fetched 10 trade items for Page 1 (Total records matching filter: 304)
2026-08-11 13:37:05.980 +05:30 [INF] HTTP GET /api/TradeBlotter responded 200 in 63.0545 ms
2026-08-11 13:37:05.982 +05:30 [INF] HTTP GET /api/Trader responded 200 in 29.8095 ms
2026-08-11 13:37:06.013 +05:30 [INF] HTTP GET /api/Trader responded 200 in 29.8321 ms
2026-08-11 13:37:06.040 +05:30 [INF] Fetched 10 trade items for Page 1 (Total records matching filter: 304)
2026-08-11 13:37:06.042 +05:30 [INF] HTTP GET /api/TradeBlotter responded 200 in 60.9293 ms
2026-08-11 13:37:08.713 +05:30 [INF] Computed Trade Blotter Analytics. Total Volume: ¤31,946,809.47, Total Trades: 304
2026-08-11 13:37:08.714 +05:30 [INF] HTTP GET /api/TradeBlotter/analytics responded 200 in 91.6515 ms
2026-08-11 13:37:08.805 +05:30 [INF] Computed Trade Blotter Analytics. Total Volume: ¤31,946,809.47, Total Trades: 304
2026-08-11 13:37:08.807 +05:30 [INF] HTTP GET /api/TradeBlotter/analytics responded 200 in 91.7913 ms
2026-08-11 13:38:46.192 +05:30 [INF] Fetched 10 trade items for Page 1 (Total records matching filter: 304)
2026-08-11 13:38:46.194 +05:30 [INF] HTTP GET /api/TradeBlotter responded 200 in 65.3940 ms
2026-08-11 13:39:25.290 +05:30 [INF] Computed Trade Blotter Analytics. Total Volume: ¤31,946,809.47, Total Trades: 304
2026-08-11 13:39:25.292 +05:30 [INF] HTTP GET /api/TradeBlotter/analytics responded 200 in 95.8416 ms
2026-08-11 13:39:25.384 +05:30 [INF] Computed Trade Blotter Analytics. Total Volume: ¤31,946,809.47, Total Trades: 304
2026-08-11 13:39:25.386 +05:30 [INF] HTTP GET /api/TradeBlotter/analytics responded 200 in 91.0363 ms
2026-08-11 13:39:34.374 +05:30 [INF] Fetched 10 trade items for Page 1 (Total records matching filter: 304)
2026-08-11 13:39:34.376 +05:30 [INF] HTTP GET /api/TradeBlotter responded 200 in 61.4134 ms
2026-08-11 13:39:35.239 +05:30 [INF] Exporting 304 trades to CSV stream
2026-08-11 13:39:35.251 +05:30 [INF] HTTP GET /api/TradeBlotter/export responded 200 in 80.7078 ms
2026-08-11 13:40:04.539 +05:30 [INF] Computed Trade Blotter Analytics. Total Volume: ¤31,946,809.47, Total Trades: 304
2026-08-11 13:40:04.540 +05:30 [INF] HTTP GET /api/TradeBlotter/analytics responded 200 in 92.8300 ms
2026-08-11 13:40:04.633 +05:30 [INF] Computed Trade Blotter Analytics. Total Volume: ¤31,946,809.47, Total Trades: 304
2026-08-11 13:40:04.635 +05:30 [INF] HTTP GET /api/TradeBlotter/analytics responded 200 in 92.9781 ms
2026-08-11 13:44:48.250 +05:30 [INF] Fetched 10 trade items for Page 1 (Total records matching filter: 304)
2026-08-11 13:44:48.253 +05:30 [INF] HTTP GET /api/TradeBlotter responded 200 in 187.0312 ms
2026-08-11 13:44:48.314 +05:30 [INF] Fetched 10 trade items for Page 1 (Total records matching filter: 304)
2026-08-11 13:44:48.316 +05:30 [INF] HTTP GET /api/TradeBlotter responded 200 in 60.9420 ms
2026-08-11 13:44:48.336 +05:30 [INF] HTTP GET /api/Security responded 200 in 271.2780 ms
2026-08-11 13:44:48.368 +05:30 [INF] HTTP GET /api/Security responded 200 in 29.7625 ms
2026-08-11 13:44:48.372 +05:30 [INF] HTTP GET /api/Trader responded 200 in 29.7014 ms
2026-08-11 13:44:48.402 +05:30 [INF] HTTP GET /api/Trader responded 200 in 28.8778 ms
2026-08-11 13:44:53.456 +05:30 [INF] Computed Trade Blotter Analytics. Total Volume: ¤31,946,809.47, Total Trades: 304
2026-08-11 13:44:53.458 +05:30 [INF] HTTP GET /api/TradeBlotter/analytics responded 200 in 92.6574 ms
2026-08-11 13:44:53.551 +05:30 [INF] Computed Trade Blotter Analytics. Total Volume: ¤31,946,809.47, Total Trades: 304
2026-08-11 13:44:53.553 +05:30 [INF] HTTP GET /api/TradeBlotter/analytics responded 200 in 92.2748 ms
2026-08-11 13:45:05.145 +05:30 [WRN] The query uses the 'First'/'FirstOrDefault' operator without 'OrderBy' and filter operators. This may lead to unpredictable results.
2026-08-11 13:45:05.335 +05:30 [INF] Computed Trade Blotter Analytics. Total Volume: ¤8,640,076.33, Total Trades: 69
2026-08-11 13:45:05.337 +05:30 [INF] HTTP GET /api/TradeBlotter/analytics responded 200 in 199.5554 ms
2026-08-11 13:47:28.822 +05:30 [INF] Fetched 10 trade items for Page 1 (Total records matching filter: 69)
2026-08-11 13:47:28.824 +05:30 [INF] HTTP GET /api/TradeBlotter responded 200 in 157.8902 ms
2026-08-11 13:47:33.127 +05:30 [INF] Fetched 10 trade items for Page 1 (Total records matching filter: 304)
2026-08-11 13:47:33.130 +05:30 [INF] HTTP GET /api/TradeBlotter responded 200 in 72.0131 ms
2026-08-11 13:47:33.787 +05:30 [INF] Computed Trade Blotter Analytics. Total Volume: ¤31,946,809.47, Total Trades: 304
2026-08-11 13:47:33.789 +05:30 [INF] HTTP GET /api/TradeBlotter/analytics responded 200 in 111.5949 ms
2026-08-11 13:47:33.880 +05:30 [INF] Computed Trade Blotter Analytics. Total Volume: ¤31,946,809.47, Total Trades: 304
2026-08-11 13:47:33.881 +05:30 [INF] HTTP GET /api/TradeBlotter/analytics responded 200 in 90.8347 ms
2026-08-11 13:47:52.855 +05:30 [INF] Computed Trade Blotter Analytics. Total Volume: ¤4,716,925.11, Total Trades: 49
2026-08-11 13:47:52.857 +05:30 [INF] HTTP GET /api/TradeBlotter/analytics responded 200 in 174.4991 ms
2026-08-11 13:50:54.023 +05:30 [INF] HTTP GET /api/Security responded 200 in 31.4953 ms
2026-08-11 13:50:54.054 +05:30 [INF] HTTP GET /api/Security responded 200 in 29.1583 ms
2026-08-11 13:50:54.055 +05:30 [INF] Fetched 10 trade items for Page 1 (Total records matching filter: 304)
2026-08-11 13:50:54.059 +05:30 [INF] HTTP GET /api/TradeBlotter responded 200 in 63.7811 ms
2026-08-11 13:50:54.118 +05:30 [INF] Fetched 10 trade items for Page 1 (Total records matching filter: 304)
2026-08-11 13:50:54.120 +05:30 [INF] HTTP GET /api/TradeBlotter responded 200 in 59.9801 ms
2026-08-11 13:50:54.188 +05:30 [INF] HTTP GET /api/Trader responded 200 in 159.6537 ms
2026-08-11 13:50:54.218 +05:30 [INF] HTTP GET /api/Trader responded 200 in 29.1831 ms
2026-08-11 13:50:55.550 +05:30 [INF] Computed Trade Blotter Analytics. Total Volume: ¤31,946,809.47, Total Trades: 304
2026-08-11 13:50:55.551 +05:30 [INF] HTTP GET /api/TradeBlotter/analytics responded 200 in 89.9441 ms
2026-08-11 13:50:55.641 +05:30 [INF] Computed Trade Blotter Analytics. Total Volume: ¤31,946,809.47, Total Trades: 304
2026-08-11 13:50:55.643 +05:30 [INF] HTTP GET /api/TradeBlotter/analytics responded 200 in 90.5711 ms
2026-08-11 13:51:01.623 +05:30 [INF] Computed Trade Blotter Analytics. Total Volume: ¤8,640,076.33, Total Trades: 69
2026-08-11 13:51:01.626 +05:30 [INF] HTTP GET /api/TradeBlotter/analytics responded 200 in 91.7723 ms
2026-08-11 13:51:42.778 +05:30 [INF] Computed Trade Blotter Analytics. Total Volume: ¤13,357,001.44, Total Trades: 118
2026-08-11 13:51:42.780 +05:30 [INF] HTTP GET /api/TradeBlotter/analytics responded 200 in 94.8168 ms
2026-08-11 13:51:50.420 +05:30 [INF] Computed Trade Blotter Analytics. Total Volume: ¤8,640,076.33, Total Trades: 69
2026-08-11 13:51:50.422 +05:30 [INF] HTTP GET /api/TradeBlotter/analytics responded 200 in 91.4699 ms
2026-08-11 13:57:26.055 +05:30 [INF] HTTP GET /api/Security responded 200 in 136.4787 ms
2026-08-11 13:57:26.116 +05:30 [INF] Fetched 10 trade items for Page 1 (Total records matching filter: 304)
2026-08-11 13:57:26.121 +05:30 [INF] HTTP GET /api/TradeBlotter responded 200 in 203.5625 ms
2026-08-11 13:57:26.183 +05:30 [INF] Fetched 10 trade items for Page 1 (Total records matching filter: 304)
2026-08-11 13:57:26.185 +05:30 [INF] HTTP GET /api/TradeBlotter responded 200 in 62.5681 ms
2026-08-11 13:57:26.207 +05:30 [INF] HTTP GET /api/Security responded 200 in 151.9531 ms
2026-08-11 13:57:26.323 +05:30 [INF] HTTP GET /api/Trader responded 200 in 232.9972 ms
2026-08-11 13:57:26.357 +05:30 [INF] HTTP GET /api/Trader responded 200 in 31.4553 ms
2026-08-11 13:57:27.031 +05:30 [WRN] The query uses the 'First'/'FirstOrDefault' operator without 'OrderBy' and filter operators. This may lead to unpredictable results.
2026-08-11 13:57:27.150 +05:30 [INF] Computed Trade Blotter Analytics. Total Volume: ¤31,946,809.47, Total Trades: 304
2026-08-11 13:57:27.158 +05:30 [INF] HTTP GET /api/TradeBlotter/analytics responded 200 in 162.0949 ms
2026-08-11 13:57:27.253 +05:30 [INF] Computed Trade Blotter Analytics. Total Volume: ¤31,946,809.47, Total Trades: 304
2026-08-11 13:57:27.255 +05:30 [INF] HTTP GET /api/TradeBlotter/analytics responded 200 in 94.9496 ms
2026-08-11 13:57:31.030 +05:30 [WRN] The query uses the 'First'/'FirstOrDefault' operator without 'OrderBy' and filter operators. This may lead to unpredictable results.
2026-08-11 13:57:31.189 +05:30 [INF] Computed Trade Blotter Analytics. Total Volume: ¤8,640,076.33, Total Trades: 69
2026-08-11 13:57:31.193 +05:30 [INF] HTTP GET /api/TradeBlotter/analytics responded 200 in 176.6952 ms
2026-08-11 13:57:38.083 +05:30 [INF] Computed Trade Blotter Analytics. Total Volume: ¤13,357,001.44, Total Trades: 118
2026-08-11 13:57:38.085 +05:30 [INF] HTTP GET /api/TradeBlotter/analytics responded 200 in 98.9775 ms
2026-08-11 13:58:58.102 +05:30 [INF] HTTP GET /api/Security responded 200 in 34.1437 ms
2026-08-11 13:58:58.134 +05:30 [INF] HTTP GET /api/Security responded 200 in 30.0819 ms
2026-08-11 13:58:58.138 +05:30 [INF] HTTP GET /api/Trader responded 200 in 31.0236 ms
2026-08-11 13:58:58.140 +05:30 [INF] Fetched 10 trade items for Page 1 (Total records matching filter: 304)
2026-08-11 13:58:58.143 +05:30 [INF] HTTP GET /api/TradeBlotter responded 200 in 68.1410 ms
2026-08-11 13:58:58.169 +05:30 [INF] HTTP GET /api/Trader responded 200 in 29.3232 ms
2026-08-11 13:58:58.203 +05:30 [INF] Fetched 10 trade items for Page 1 (Total records matching filter: 304)
2026-08-11 13:58:58.204 +05:30 [INF] HTTP GET /api/TradeBlotter responded 200 in 59.9997 ms
2026-08-11 13:58:59.981 +05:30 [INF] Computed Trade Blotter Analytics. Total Volume: ¤31,946,809.47, Total Trades: 304
2026-08-11 13:58:59.983 +05:30 [INF] HTTP GET /api/TradeBlotter/analytics responded 200 in 91.6368 ms
2026-08-11 13:59:00.074 +05:30 [INF] Computed Trade Blotter Analytics. Total Volume: ¤31,946,809.47, Total Trades: 304
2026-08-11 13:59:00.075 +05:30 [INF] HTTP GET /api/TradeBlotter/analytics responded 200 in 90.0244 ms
2026-08-11 13:59:05.793 +05:30 [INF] Computed Trade Blotter Analytics. Total Volume: ¤8,640,076.33, Total Trades: 69
2026-08-11 13:59:05.795 +05:30 [INF] HTTP GET /api/TradeBlotter/analytics responded 200 in 92.2563 ms
2026-08-11 13:59:13.701 +05:30 [INF] HTTP GET /api/Security responded 200 in 30.3475 ms
2026-08-11 13:59:13.732 +05:30 [INF] HTTP GET /api/Security responded 200 in 29.3384 ms
2026-08-11 13:59:13.735 +05:30 [INF] Fetched 10 trade items for Page 1 (Total records matching filter: 304)
2026-08-11 13:59:13.735 +05:30 [INF] HTTP GET /api/Trader responded 200 in 29.3394 ms
2026-08-11 13:59:13.738 +05:30 [INF] HTTP GET /api/TradeBlotter responded 200 in 66.3955 ms
2026-08-11 13:59:13.766 +05:30 [INF] HTTP GET /api/Trader responded 200 in 29.1108 ms
2026-08-11 13:59:13.801 +05:30 [INF] Fetched 10 trade items for Page 1 (Total records matching filter: 304)
2026-08-11 13:59:13.802 +05:30 [INF] HTTP GET /api/TradeBlotter responded 200 in 61.6163 ms
2026-08-11 13:59:15.612 +05:30 [INF] Computed Trade Blotter Analytics. Total Volume: ¤31,946,809.47, Total Trades: 304
2026-08-11 13:59:15.613 +05:30 [INF] HTTP GET /api/TradeBlotter/analytics responded 200 in 90.8365 ms
2026-08-11 13:59:15.704 +05:30 [INF] Computed Trade Blotter Analytics. Total Volume: ¤31,946,809.47, Total Trades: 304
2026-08-11 13:59:15.705 +05:30 [INF] HTTP GET /api/TradeBlotter/analytics responded 200 in 90.4392 ms
2026-08-11 13:59:24.546 +05:30 [INF] HTTP GET /api/Security responded 200 in 29.6471 ms
2026-08-11 13:59:24.577 +05:30 [INF] HTTP GET /api/Security responded 200 in 29.4705 ms
2026-08-11 13:59:24.580 +05:30 [INF] Fetched 10 trade items for Page 1 (Total records matching filter: 304)
2026-08-11 13:59:24.580 +05:30 [INF] HTTP GET /api/Trader responded 200 in 30.1437 ms
2026-08-11 13:59:24.582 +05:30 [INF] HTTP GET /api/TradeBlotter responded 200 in 62.3621 ms
2026-08-11 13:59:24.611 +05:30 [INF] HTTP GET /api/Trader responded 200 in 29.7167 ms
2026-08-11 13:59:24.645 +05:30 [INF] Fetched 10 trade items for Page 1 (Total records matching filter: 304)
2026-08-11 13:59:24.646 +05:30 [INF] HTTP GET /api/TradeBlotter responded 200 in 63.4529 ms
2026-08-11 13:59:26.883 +05:30 [INF] Computed Trade Blotter Analytics. Total Volume: ¤31,946,809.47, Total Trades: 304
2026-08-11 13:59:26.884 +05:30 [INF] HTTP GET /api/TradeBlotter/analytics responded 200 in 89.6566 ms
2026-08-11 13:59:26.973 +05:30 [INF] Computed Trade Blotter Analytics. Total Volume: ¤31,946,809.47, Total Trades: 304
2026-08-11 13:59:26.974 +05:30 [INF] HTTP GET /api/TradeBlotter/analytics responded 200 in 88.8351 ms
2026-08-11 13:59:36.652 +05:30 [INF] Fetched 10 trade items for Page 1 (Total records matching filter: 304)
2026-08-11 13:59:36.654 +05:30 [INF] HTTP GET /api/TradeBlotter responded 200 in 61.6854 ms
2026-08-11 13:59:39.602 +05:30 [INF] Fetched 10 trade items for Page 1 (Total records matching filter: 69)
2026-08-11 13:59:39.605 +05:30 [INF] HTTP GET /api/TradeBlotter responded 200 in 69.8175 ms
2026-08-11 13:59:43.892 +05:30 [INF] Computed Trade Blotter Analytics. Total Volume: ¤8,640,076.33, Total Trades: 69
2026-08-11 13:59:43.895 +05:30 [INF] HTTP GET /api/TradeBlotter/analytics responded 200 in 92.8334 ms
2026-08-11 13:59:43.987 +05:30 [INF] Computed Trade Blotter Analytics. Total Volume: ¤8,640,076.33, Total Trades: 69
2026-08-11 13:59:43.990 +05:30 [INF] HTTP GET /api/TradeBlotter/analytics responded 200 in 92.2575 ms
2026-08-11 14:00:06.149 +05:30 [INF] Fetched 10 trade items for Page 1 (Total records matching filter: 69)
2026-08-11 14:00:06.152 +05:30 [INF] HTTP GET /api/TradeBlotter responded 200 in 64.3688 ms
2026-08-11 14:00:36.138 +05:30 [INF] Computed Trade Blotter Analytics. Total Volume: ¤8,640,076.33, Total Trades: 69
2026-08-11 14:00:36.140 +05:30 [INF] HTTP GET /api/TradeBlotter/analytics responded 200 in 91.5468 ms
2026-08-11 14:00:36.230 +05:30 [INF] Computed Trade Blotter Analytics. Total Volume: ¤8,640,076.33, Total Trades: 69
2026-08-11 14:00:36.231 +05:30 [INF] HTTP GET /api/TradeBlotter/analytics responded 200 in 90.0073 ms
2026-08-11 14:00:45.363 +05:30 [INF] HTTP GET /api/Security responded 200 in 29.5065 ms
2026-08-11 14:00:45.393 +05:30 [INF] HTTP GET /api/Security responded 200 in 28.8078 ms
2026-08-11 14:00:45.396 +05:30 [INF] Fetched 10 trade items for Page 1 (Total records matching filter: 304)
2026-08-11 14:00:45.397 +05:30 [INF] HTTP GET /api/Trader responded 200 in 29.7229 ms
2026-08-11 14:00:45.398 +05:30 [INF] HTTP GET /api/TradeBlotter responded 200 in 61.1371 ms
2026-08-11 14:00:45.427 +05:30 [INF] HTTP GET /api/Trader responded 200 in 29.5168 ms
2026-08-11 14:00:45.457 +05:30 [INF] Fetched 10 trade items for Page 1 (Total records matching filter: 304)
2026-08-11 14:00:45.459 +05:30 [INF] HTTP GET /api/TradeBlotter responded 200 in 60.3736 ms
2026-08-11 14:00:46.807 +05:30 [INF] Computed Trade Blotter Analytics. Total Volume: ¤31,946,809.47, Total Trades: 304
2026-08-11 14:00:46.810 +05:30 [INF] HTTP GET /api/TradeBlotter/analytics responded 200 in 91.9508 ms
2026-08-11 14:00:46.901 +05:30 [INF] Computed Trade Blotter Analytics. Total Volume: ¤31,946,809.47, Total Trades: 304
2026-08-11 14:00:46.903 +05:30 [INF] HTTP GET /api/TradeBlotter/analytics responded 200 in 91.4737 ms
2026-08-11 14:00:51.313 +05:30 [INF] Computed Trade Blotter Analytics. Total Volume: ¤8,640,076.33, Total Trades: 69
2026-08-11 14:00:51.316 +05:30 [INF] HTTP GET /api/TradeBlotter/analytics responded 200 in 93.0690 ms
2026-08-11 14:03:51.376 +05:30 [INF] HTTP GET /api/Security responded 200 in 32.0890 ms
2026-08-11 14:03:51.409 +05:30 [INF] HTTP GET /api/Security responded 200 in 31.2516 ms
2026-08-11 14:03:51.410 +05:30 [INF] Fetched 10 trade items for Page 1 (Total records matching filter: 304)
2026-08-11 14:03:51.411 +05:30 [INF] HTTP GET /api/Trader responded 200 in 31.0315 ms
2026-08-11 14:03:51.412 +05:30 [INF] HTTP GET /api/TradeBlotter responded 200 in 65.1420 ms
2026-08-11 14:03:51.444 +05:30 [INF] HTTP GET /api/Trader responded 200 in 29.8787 ms
2026-08-11 14:03:51.473 +05:30 [INF] Fetched 10 trade items for Page 1 (Total records matching filter: 304)
2026-08-11 14:03:51.475 +05:30 [INF] HTTP GET /api/TradeBlotter responded 200 in 60.8115 ms
2026-08-11 14:03:53.315 +05:30 [INF] Computed Trade Blotter Analytics. Total Volume: ¤31,946,809.47, Total Trades: 304
2026-08-11 14:03:53.317 +05:30 [INF] HTTP GET /api/TradeBlotter/analytics responded 200 in 90.2428 ms
2026-08-11 14:03:53.406 +05:30 [INF] Computed Trade Blotter Analytics. Total Volume: ¤31,946,809.47, Total Trades: 304
2026-08-11 14:03:53.408 +05:30 [INF] HTTP GET /api/TradeBlotter/analytics responded 200 in 89.3160 ms
2026-08-11 14:04:07.452 +05:30 [INF] Computed Trade Blotter Analytics. Total Volume: ¤4,716,925.11, Total Trades: 49
2026-08-11 14:04:07.455 +05:30 [INF] HTTP GET /api/TradeBlotter/analytics responded 200 in 94.6108 ms
2026-08-11 14:05:36.503 +05:30 [INF] HTTP GET /api/Security responded 200 in 29.7910 ms
2026-08-11 14:05:36.534 +05:30 [INF] HTTP GET /api/Security responded 200 in 29.5268 ms
2026-08-11 14:05:36.536 +05:30 [INF] HTTP GET /api/Trader responded 200 in 29.0668 ms
2026-08-11 14:05:36.538 +05:30 [INF] Fetched 10 trade items for Page 1 (Total records matching filter: 304)
2026-08-11 14:05:36.540 +05:30 [INF] HTTP GET /api/TradeBlotter responded 200 in 65.1847 ms
2026-08-11 14:05:36.567 +05:30 [INF] HTTP GET /api/Trader responded 200 in 29.0742 ms
2026-08-11 14:05:36.602 +05:30 [INF] Fetched 10 trade items for Page 1 (Total records matching filter: 304)
2026-08-11 14:05:36.603 +05:30 [INF] HTTP GET /api/TradeBlotter responded 200 in 59.5559 ms
2026-08-11 14:05:38.059 +05:30 [INF] Computed Trade Blotter Analytics. Total Volume: ¤31,946,809.47, Total Trades: 304
2026-08-11 14:05:38.062 +05:30 [INF] HTTP GET /api/TradeBlotter/analytics responded 200 in 92.3394 ms
2026-08-11 14:05:38.153 +05:30 [INF] Computed Trade Blotter Analytics. Total Volume: ¤31,946,809.47, Total Trades: 304
2026-08-11 14:05:38.154 +05:30 [INF] HTTP GET /api/TradeBlotter/analytics responded 200 in 89.6424 ms
2026-08-11 14:05:41.778 +05:30 [INF] Computed Trade Blotter Analytics. Total Volume: ¤8,640,076.33, Total Trades: 69
2026-08-11 14:05:41.780 +05:30 [INF] HTTP GET /api/TradeBlotter/analytics responded 200 in 92.0436 ms
2026-08-11 14:05:50.817 +05:30 [WRN] The query uses the 'First'/'FirstOrDefault' operator without 'OrderBy' and filter operators. This may lead to unpredictable results.
2026-08-11 14:05:51.030 +05:30 [INF] Computed Trade Blotter Analytics. Total Volume: ¤1,113,485.23, Total Trades: 6
2026-08-11 14:05:51.033 +05:30 [INF] HTTP GET /api/TradeBlotter/analytics responded 200 in 221.0589 ms
2026-08-11 14:06:00.038 +05:30 [INF] Computed Trade Blotter Analytics. Total Volume: ¤1,694,466.03, Total Trades: 10
2026-08-11 14:06:00.039 +05:30 [INF] HTTP GET /api/TradeBlotter/analytics responded 200 in 92.3821 ms
2026-08-11 14:06:35.945 +05:30 [INF] Fetched 10 trade items for Page 1 (Total records matching filter: 10)
2026-08-11 14:06:35.947 +05:30 [INF] HTTP GET /api/TradeBlotter responded 200 in 126.3516 ms
2026-08-11 14:06:54.622 +05:30 [INF] Fetched 10 trade items for Page 1 (Total records matching filter: 304)
2026-08-11 14:06:54.623 +05:30 [INF] HTTP GET /api/TradeBlotter responded 200 in 61.6622 ms
2026-08-11 14:07:01.643 +05:30 [INF] Fetched 10 trade items for Page 2 (Total records matching filter: 304)
2026-08-11 14:07:01.646 +05:30 [INF] HTTP GET /api/TradeBlotter responded 200 in 69.0884 ms
2026-08-11 14:07:07.340 +05:30 [INF] Fetched 10 trade items for Page 1 (Total records matching filter: 304)
2026-08-11 14:07:07.342 +05:30 [INF] HTTP GET /api/TradeBlotter responded 200 in 61.8751 ms
2026-08-11 14:07:09.461 +05:30 [INF] Fetched 10 trade items for Page 2 (Total records matching filter: 304)
2026-08-11 14:07:09.463 +05:30 [INF] HTTP GET /api/TradeBlotter responded 200 in 60.8973 ms
2026-08-11 14:07:11.699 +05:30 [INF] Fetched 10 trade items for Page 1 (Total records matching filter: 304)
2026-08-11 14:07:11.701 +05:30 [INF] HTTP GET /api/TradeBlotter responded 200 in 61.6566 ms
2026-08-11 14:07:14.784 +05:30 [INF] Fetched 100 trade items for Page 1 (Total records matching filter: 304)
2026-08-11 14:07:14.792 +05:30 [INF] HTTP GET /api/TradeBlotter responded 200 in 70.7109 ms
2026-08-11 14:07:49.331 +05:30 [INF] Computed Trade Blotter Analytics. Total Volume: ¤31,946,809.47, Total Trades: 304
2026-08-11 14:07:49.332 +05:30 [INF] HTTP GET /api/TradeBlotter/analytics responded 200 in 91.3714 ms
2026-08-11 14:07:49.423 +05:30 [INF] Computed Trade Blotter Analytics. Total Volume: ¤31,946,809.47, Total Trades: 304
2026-08-11 14:07:49.424 +05:30 [INF] HTTP GET /api/TradeBlotter/analytics responded 200 in 89.7233 ms
2026-08-11 14:07:50.147 +05:30 [INF] Fetched 100 trade items for Page 1 (Total records matching filter: 304)
2026-08-11 14:07:50.150 +05:30 [INF] HTTP GET /api/TradeBlotter responded 200 in 63.8242 ms
2026-08-11 14:07:54.333 +05:30 [INF] HTTP GET /api/Security responded 200 in 29.6031 ms
2026-08-11 14:07:54.365 +05:30 [INF] HTTP GET /api/Security responded 200 in 30.5162 ms
2026-08-11 14:07:54.367 +05:30 [INF] Fetched 10 trade items for Page 1 (Total records matching filter: 304)
2026-08-11 14:07:54.369 +05:30 [INF] HTTP GET /api/Trader responded 200 in 31.6616 ms
2026-08-11 14:07:54.371 +05:30 [INF] HTTP GET /api/TradeBlotter responded 200 in 64.4062 ms
2026-08-11 14:07:54.402 +05:30 [INF] HTTP GET /api/Trader responded 200 in 30.5846 ms
2026-08-11 14:07:54.434 +05:30 [INF] Fetched 10 trade items for Page 1 (Total records matching filter: 304)
2026-08-11 14:07:54.436 +05:30 [INF] HTTP GET /api/TradeBlotter responded 200 in 62.8967 ms
2026-08-11 14:08:05.462 +05:30 [INF] Fetched 50 trade items for Page 1 (Total records matching filter: 304)
2026-08-11 14:08:05.465 +05:30 [INF] HTTP GET /api/TradeBlotter responded 200 in 63.9210 ms
2026-08-11 14:08:10.270 +05:30 [INF] Fetched 10 trade items for Page 1 (Total records matching filter: 304)
2026-08-11 14:08:10.272 +05:30 [INF] HTTP GET /api/TradeBlotter responded 200 in 61.7408 ms
2026-08-11 14:08:29.255 +05:30 [INF] Fetched 10 trade items for Page 2 (Total records matching filter: 304)
2026-08-11 14:08:29.257 +05:30 [INF] HTTP GET /api/TradeBlotter responded 200 in 62.5139 ms
2026-08-11 14:08:47.108 +05:30 [INF] Fetched 100 trade items for Page 1 (Total records matching filter: 304)
2026-08-11 14:08:47.112 +05:30 [INF] HTTP GET /api/TradeBlotter responded 200 in 69.7701 ms
2026-08-11 14:09:16.766 +05:30 [INF] Computed Trade Blotter Analytics. Total Volume: ¤31,946,809.47, Total Trades: 304
2026-08-11 14:09:16.767 +05:30 [INF] HTTP GET /api/TradeBlotter/analytics responded 200 in 89.8154 ms
2026-08-11 14:09:16.855 +05:30 [INF] Computed Trade Blotter Analytics. Total Volume: ¤31,946,809.47, Total Trades: 304
2026-08-11 14:09:16.858 +05:30 [INF] HTTP GET /api/TradeBlotter/analytics responded 200 in 89.5870 ms
2026-08-11 14:09:20.619 +05:30 [INF] HTTP GET /api/Security responded 200 in 29.4722 ms
2026-08-11 14:09:20.650 +05:30 [INF] HTTP GET /api/Security responded 200 in 28.9394 ms
2026-08-11 14:09:20.653 +05:30 [INF] Fetched 10 trade items for Page 1 (Total records matching filter: 304)
2026-08-11 14:09:20.654 +05:30 [INF] HTTP GET /api/Trader responded 200 in 29.4787 ms
2026-08-11 14:09:20.655 +05:30 [INF] HTTP GET /api/TradeBlotter responded 200 in 62.7019 ms
2026-08-11 14:09:20.684 +05:30 [INF] HTTP GET /api/Trader responded 200 in 28.9989 ms
2026-08-11 14:09:20.717 +05:30 [INF] Fetched 10 trade items for Page 1 (Total records matching filter: 304)
2026-08-11 14:09:20.720 +05:30 [INF] HTTP GET /api/TradeBlotter responded 200 in 62.8192 ms
2026-08-11 14:09:22.417 +05:30 [INF] Computed Trade Blotter Analytics. Total Volume: ¤31,946,809.47, Total Trades: 304
2026-08-11 14:09:22.419 +05:30 [INF] HTTP GET /api/TradeBlotter/analytics responded 200 in 92.7281 ms
2026-08-11 14:09:22.509 +05:30 [INF] Computed Trade Blotter Analytics. Total Volume: ¤31,946,809.47, Total Trades: 304
2026-08-11 14:09:22.510 +05:30 [INF] HTTP GET /api/TradeBlotter/analytics responded 200 in 89.4351 ms
2026-08-11 14:09:34.572 +05:30 [INF] Computed Trade Blotter Analytics. Total Volume: ¤8,640,076.33, Total Trades: 69
2026-08-11 14:09:34.574 +05:30 [INF] HTTP GET /api/TradeBlotter/analytics responded 200 in 92.0921 ms
2026-08-11 14:09:48.604 +05:30 [WRN] The query uses the 'First'/'FirstOrDefault' operator without 'OrderBy' and filter operators. This may lead to unpredictable results.
2026-08-11 14:09:48.781 +05:30 [INF] Computed Trade Blotter Analytics. Total Volume: ¤1,782,613.58, Total Trades: 21
2026-08-11 14:09:48.783 +05:30 [INF] HTTP GET /api/TradeBlotter/analytics responded 200 in 182.9259 ms
2026-08-11 14:16:02.800 +05:30 [INF] HTTP GET /api/Security responded 200 in 117.0207 ms
2026-08-11 14:16:02.859 +05:30 [INF] Fetched 10 trade items for Page 1 (Total records matching filter: 304)
2026-08-11 14:16:02.865 +05:30 [INF] HTTP GET /api/TradeBlotter responded 200 in 183.2131 ms
2026-08-11 14:16:02.930 +05:30 [INF] Fetched 10 trade items for Page 1 (Total records matching filter: 304)
2026-08-11 14:16:02.932 +05:30 [INF] HTTP GET /api/TradeBlotter responded 200 in 65.2125 ms
2026-08-11 14:16:02.951 +05:30 [INF] HTTP GET /api/Security responded 200 in 150.3912 ms
2026-08-11 14:16:03.068 +05:30 [INF] HTTP GET /api/Trader responded 200 in 234.0199 ms
2026-08-11 14:16:03.102 +05:30 [INF] HTTP GET /api/Trader responded 200 in 31.1141 ms
2026-08-11 14:16:29.634 +05:30 [WRN] The query uses the 'First'/'FirstOrDefault' operator without 'OrderBy' and filter operators. This may lead to unpredictable results.
2026-08-11 14:16:29.656 +05:30 [ERR] An exception occurred while iterating over the results of a query for context type 'CASE_STUDY_7.DataAccess.Vantage7Context'.
System.InvalidOperationException: A second operation was started on this context instance before a previous operation completed. This is usually caused by different threads concurrently using the same instance of DbContext. For more information on how to avoid threading issues with DbContext, see https://go.microsoft.com/fwlink/?linkid=2097913.
   at Microsoft.EntityFrameworkCore.Infrastructure.Internal.ConcurrencyDetector.EnterCriticalSection()
   at Microsoft.EntityFrameworkCore.Query.Internal.SingleQueryingEnumerable`1.AsyncEnumerator.MoveNextAsync()
System.InvalidOperationException: A second operation was started on this context instance before a previous operation completed. This is usually caused by different threads concurrently using the same instance of DbContext. For more information on how to avoid threading issues with DbContext, see https://go.microsoft.com/fwlink/?linkid=2097913.
   at Microsoft.EntityFrameworkCore.Infrastructure.Internal.ConcurrencyDetector.EnterCriticalSection()
   at Microsoft.EntityFrameworkCore.Query.Internal.SingleQueryingEnumerable`1.AsyncEnumerator.MoveNextAsync()
2026-08-11 14:16:29.663 +05:30 [ERR] An exception occurred while iterating over the results of a query for context type 'CASE_STUDY_7.DataAccess.Vantage7Context'.
System.InvalidOperationException: A second operation was started on this context instance before a previous operation completed. This is usually caused by different threads concurrently using the same instance of DbContext. For more information on how to avoid threading issues with DbContext, see https://go.microsoft.com/fwlink/?linkid=2097913.
   at Microsoft.EntityFrameworkCore.Infrastructure.Internal.ConcurrencyDetector.EnterCriticalSection()
   at Microsoft.EntityFrameworkCore.Query.Internal.SingleQueryingEnumerable`1.AsyncEnumerator.MoveNextAsync()
System.InvalidOperationException: A second operation was started on this context instance before a previous operation completed. This is usually caused by different threads concurrently using the same instance of DbContext. For more information on how to avoid threading issues with DbContext, see https://go.microsoft.com/fwlink/?linkid=2097913.
   at Microsoft.EntityFrameworkCore.Infrastructure.Internal.ConcurrencyDetector.EnterCriticalSection()
   at Microsoft.EntityFrameworkCore.Query.Internal.SingleQueryingEnumerable`1.AsyncEnumerator.MoveNextAsync()
2026-08-11 14:16:29.863 +05:30 [ERR] HTTP GET /api/TradeBlotter/analytics responded 500 in 271.2425 ms
System.InvalidOperationException: A second operation was started on this context instance before a previous operation completed. This is usually caused by different threads concurrently using the same instance of DbContext. For more information on how to avoid threading issues with DbContext, see https://go.microsoft.com/fwlink/?linkid=2097913.
   at Microsoft.EntityFrameworkCore.Infrastructure.Internal.ConcurrencyDetector.EnterCriticalSection()
   at Microsoft.EntityFrameworkCore.Query.Internal.SingleQueryingEnumerable`1.AsyncEnumerator.MoveNextAsync()
   at Microsoft.EntityFrameworkCore.EntityFrameworkQueryableExtensions.ToListAsync[TSource](IQueryable`1 source, CancellationToken cancellationToken)
   at Microsoft.EntityFrameworkCore.EntityFrameworkQueryableExtensions.ToListAsync[TSource](IQueryable`1 source, CancellationToken cancellationToken)
   at CASE_STUDY_7_DataAccess.Repositories.TradeBlotteRepo.TradeBlotterRepository.GetTradeBlotterAnalyticsAsync(TradeBlotterRequestDto request, CancellationToken cancellationToken) in D:\CaseStudy\WEB_API\CASE_STUDY_7\CASE_STUDY_7_DataAccess\Repositories\TradeBlotteRepo\TradeBlotterRepository.cs:line 139
   at CASE_STUDY_7.Controllers.TradeBlotterController.GetTradeBlotterAnalytics(TradeBlotterRequestDto request, CancellationToken cancellationToken) in D:\CaseStudy\WEB_API\CASE_STUDY_7\CASE_STUDY_7\Controllers\TradeBlotterController.cs:line 34
   at Microsoft.AspNetCore.Mvc.Infrastructure.ActionMethodExecutor.TaskOfIActionResultExecutor.Execute(ActionContext actionContext, IActionResultTypeMapper mapper, ObjectMethodExecutor executor, Object controller, Object[] arguments)
   at Microsoft.AspNetCore.Mvc.Infrastructure.ControllerActionInvoker.<InvokeActionMethodAsync>g__Awaited|12_0(ControllerActionInvoker invoker, ValueTask`1 actionResultValueTask)
   at Microsoft.AspNetCore.Mvc.Infrastructure.ControllerActionInvoker.<InvokeNextActionFilterAsync>g__Awaited|10_0(ControllerActionInvoker invoker, Task lastTask, State next, Scope scope, Object state, Boolean isCompleted)
   at Microsoft.AspNetCore.Mvc.Infrastructure.ControllerActionInvoker.Rethrow(ActionExecutedContextSealed context)
   at Microsoft.AspNetCore.Mvc.Infrastructure.ControllerActionInvoker.Next(State& next, Scope& scope, Object& state, Boolean& isCompleted)
   at Microsoft.AspNetCore.Mvc.Infrastructure.ControllerActionInvoker.<InvokeInnerFilterAsync>g__Awaited|13_0(ControllerActionInvoker invoker, Task lastTask, State next, Scope scope, Object state, Boolean isCompleted)
   at Microsoft.AspNetCore.Mvc.Infrastructure.ResourceInvoker.<InvokeFilterPipelineAsync>g__Awaited|20_0(ResourceInvoker invoker, Task lastTask, State next, Scope scope, Object state, Boolean isCompleted)
   at Microsoft.AspNetCore.Mvc.Infrastructure.ResourceInvoker.<InvokeAsync>g__Awaited|17_0(ResourceInvoker invoker, Task task, IDisposable scope)
   at Microsoft.AspNetCore.Mvc.Infrastructure.ResourceInvoker.<InvokeAsync>g__Awaited|17_0(ResourceInvoker invoker, Task task, IDisposable scope)
   at Microsoft.AspNetCore.Authorization.AuthorizationMiddleware.Invoke(HttpContext context)
   at Serilog.AspNetCore.RequestLoggingMiddleware.Invoke(HttpContext httpContext)
2026-08-11 14:16:29.873 +05:30 [ERR] An unhandled exception has occurred while executing the request.
System.InvalidOperationException: A second operation was started on this context instance before a previous operation completed. This is usually caused by different threads concurrently using the same instance of DbContext. For more information on how to avoid threading issues with DbContext, see https://go.microsoft.com/fwlink/?linkid=2097913.
   at Microsoft.EntityFrameworkCore.Infrastructure.Internal.ConcurrencyDetector.EnterCriticalSection()
   at Microsoft.EntityFrameworkCore.Query.Internal.SingleQueryingEnumerable`1.AsyncEnumerator.MoveNextAsync()
   at Microsoft.EntityFrameworkCore.EntityFrameworkQueryableExtensions.ToListAsync[TSource](IQueryable`1 source, CancellationToken cancellationToken)
   at Microsoft.EntityFrameworkCore.EntityFrameworkQueryableExtensions.ToListAsync[TSource](IQueryable`1 source, CancellationToken cancellationToken)
   at CASE_STUDY_7_DataAccess.Repositories.TradeBlotteRepo.TradeBlotterRepository.GetTradeBlotterAnalyticsAsync(TradeBlotterRequestDto request, CancellationToken cancellationToken) in D:\CaseStudy\WEB_API\CASE_STUDY_7\CASE_STUDY_7_DataAccess\Repositories\TradeBlotteRepo\TradeBlotterRepository.cs:line 139
   at CASE_STUDY_7.Controllers.TradeBlotterController.GetTradeBlotterAnalytics(TradeBlotterRequestDto request, CancellationToken cancellationToken) in D:\CaseStudy\WEB_API\CASE_STUDY_7\CASE_STUDY_7\Controllers\TradeBlotterController.cs:line 34
   at Microsoft.AspNetCore.Mvc.Infrastructure.ActionMethodExecutor.TaskOfIActionResultExecutor.Execute(ActionContext actionContext, IActionResultTypeMapper mapper, ObjectMethodExecutor executor, Object controller, Object[] arguments)
   at Microsoft.AspNetCore.Mvc.Infrastructure.ControllerActionInvoker.<InvokeActionMethodAsync>g__Awaited|12_0(ControllerActionInvoker invoker, ValueTask`1 actionResultValueTask)
   at Microsoft.AspNetCore.Mvc.Infrastructure.ControllerActionInvoker.<InvokeNextActionFilterAsync>g__Awaited|10_0(ControllerActionInvoker invoker, Task lastTask, State next, Scope scope, Object state, Boolean isCompleted)
   at Microsoft.AspNetCore.Mvc.Infrastructure.ControllerActionInvoker.Rethrow(ActionExecutedContextSealed context)
   at Microsoft.AspNetCore.Mvc.Infrastructure.ControllerActionInvoker.Next(State& next, Scope& scope, Object& state, Boolean& isCompleted)
   at Microsoft.AspNetCore.Mvc.Infrastructure.ControllerActionInvoker.<InvokeInnerFilterAsync>g__Awaited|13_0(ControllerActionInvoker invoker, Task lastTask, State next, Scope scope, Object state, Boolean isCompleted)
   at Microsoft.AspNetCore.Mvc.Infrastructure.ResourceInvoker.<InvokeFilterPipelineAsync>g__Awaited|20_0(ResourceInvoker invoker, Task lastTask, State next, Scope scope, Object state, Boolean isCompleted)
   at Microsoft.AspNetCore.Mvc.Infrastructure.ResourceInvoker.<InvokeAsync>g__Awaited|17_0(ResourceInvoker invoker, Task task, IDisposable scope)
   at Microsoft.AspNetCore.Mvc.Infrastructure.ResourceInvoker.<InvokeAsync>g__Awaited|17_0(ResourceInvoker invoker, Task task, IDisposable scope)
   at Microsoft.AspNetCore.Authorization.AuthorizationMiddleware.Invoke(HttpContext context)
   at Serilog.AspNetCore.RequestLoggingMiddleware.Invoke(HttpContext httpContext)
   at Swashbuckle.AspNetCore.SwaggerUI.SwaggerUIMiddleware.Invoke(HttpContext httpContext)
   at Swashbuckle.AspNetCore.Swagger.SwaggerMiddleware.Invoke(HttpContext httpContext, ISwaggerProvider swaggerProvider)
   at Microsoft.AspNetCore.Authentication.AuthenticationMiddleware.Invoke(HttpContext context)
   at Microsoft.AspNetCore.Diagnostics.DeveloperExceptionPageMiddlewareImpl.Invoke(HttpContext context)
2026-08-11 14:16:29.889 +05:30 [ERR] An exception occurred while iterating over the results of a query for context type 'CASE_STUDY_7.DataAccess.Vantage7Context'.
System.InvalidOperationException: A second operation was started on this context instance before a previous operation completed. This is usually caused by different threads concurrently using the same instance of DbContext. For more information on how to avoid threading issues with DbContext, see https://go.microsoft.com/fwlink/?linkid=2097913.
   at Microsoft.EntityFrameworkCore.Infrastructure.Internal.ConcurrencyDetector.EnterCriticalSection()
   at Microsoft.EntityFrameworkCore.Query.Internal.SingleQueryingEnumerable`1.AsyncEnumerator.MoveNextAsync()
System.InvalidOperationException: A second operation was started on this context instance before a previous operation completed. This is usually caused by different threads concurrently using the same instance of DbContext. For more information on how to avoid threading issues with DbContext, see https://go.microsoft.com/fwlink/?linkid=2097913.
   at Microsoft.EntityFrameworkCore.Infrastructure.Internal.ConcurrencyDetector.EnterCriticalSection()
   at Microsoft.EntityFrameworkCore.Query.Internal.SingleQueryingEnumerable`1.AsyncEnumerator.MoveNextAsync()
2026-08-11 14:16:29.891 +05:30 [ERR] An exception occurred while iterating over the results of a query for context type 'CASE_STUDY_7.DataAccess.Vantage7Context'.
System.InvalidOperationException: A second operation was started on this context instance before a previous operation completed. This is usually caused by different threads concurrently using the same instance of DbContext. For more information on how to avoid threading issues with DbContext, see https://go.microsoft.com/fwlink/?linkid=2097913.
   at Microsoft.EntityFrameworkCore.Infrastructure.Internal.ConcurrencyDetector.EnterCriticalSection()
   at Microsoft.EntityFrameworkCore.Query.Internal.SingleQueryingEnumerable`1.AsyncEnumerator.MoveNextAsync()
System.InvalidOperationException: A second operation was started on this context instance before a previous operation completed. This is usually caused by different threads concurrently using the same instance of DbContext. For more information on how to avoid threading issues with DbContext, see https://go.microsoft.com/fwlink/?linkid=2097913.
   at Microsoft.EntityFrameworkCore.Infrastructure.Internal.ConcurrencyDetector.EnterCriticalSection()
   at Microsoft.EntityFrameworkCore.Query.Internal.SingleQueryingEnumerable`1.AsyncEnumerator.MoveNextAsync()
2026-08-11 14:16:29.998 +05:30 [ERR] HTTP GET /api/TradeBlotter/analytics responded 500 in 114.5735 ms
System.InvalidOperationException: A second operation was started on this context instance before a previous operation completed. This is usually caused by different threads concurrently using the same instance of DbContext. For more information on how to avoid threading issues with DbContext, see https://go.microsoft.com/fwlink/?linkid=2097913.
   at Microsoft.EntityFrameworkCore.Infrastructure.Internal.ConcurrencyDetector.EnterCriticalSection()
   at Microsoft.EntityFrameworkCore.Query.Internal.SingleQueryingEnumerable`1.AsyncEnumerator.MoveNextAsync()
   at Microsoft.EntityFrameworkCore.EntityFrameworkQueryableExtensions.ToListAsync[TSource](IQueryable`1 source, CancellationToken cancellationToken)
   at Microsoft.EntityFrameworkCore.EntityFrameworkQueryableExtensions.ToListAsync[TSource](IQueryable`1 source, CancellationToken cancellationToken)
   at CASE_STUDY_7_DataAccess.Repositories.TradeBlotteRepo.TradeBlotterRepository.GetTradeBlotterAnalyticsAsync(TradeBlotterRequestDto request, CancellationToken cancellationToken) in D:\CaseStudy\WEB_API\CASE_STUDY_7\CASE_STUDY_7_DataAccess\Repositories\TradeBlotteRepo\TradeBlotterRepository.cs:line 139
   at CASE_STUDY_7.Controllers.TradeBlotterController.GetTradeBlotterAnalytics(TradeBlotterRequestDto request, CancellationToken cancellationToken) in D:\CaseStudy\WEB_API\CASE_STUDY_7\CASE_STUDY_7\Controllers\TradeBlotterController.cs:line 34
   at Microsoft.AspNetCore.Mvc.Infrastructure.ActionMethodExecutor.TaskOfIActionResultExecutor.Execute(ActionContext actionContext, IActionResultTypeMapper mapper, ObjectMethodExecutor executor, Object controller, Object[] arguments)
   at Microsoft.AspNetCore.Mvc.Infrastructure.ControllerActionInvoker.<InvokeActionMethodAsync>g__Awaited|12_0(ControllerActionInvoker invoker, ValueTask`1 actionResultValueTask)
   at Microsoft.AspNetCore.Mvc.Infrastructure.ControllerActionInvoker.<InvokeNextActionFilterAsync>g__Awaited|10_0(ControllerActionInvoker invoker, Task lastTask, State next, Scope scope, Object state, Boolean isCompleted)
   at Microsoft.AspNetCore.Mvc.Infrastructure.ControllerActionInvoker.Rethrow(ActionExecutedContextSealed context)
   at Microsoft.AspNetCore.Mvc.Infrastructure.ControllerActionInvoker.Next(State& next, Scope& scope, Object& state, Boolean& isCompleted)
   at Microsoft.AspNetCore.Mvc.Infrastructure.ControllerActionInvoker.<InvokeInnerFilterAsync>g__Awaited|13_0(ControllerActionInvoker invoker, Task lastTask, State next, Scope scope, Object state, Boolean isCompleted)
   at Microsoft.AspNetCore.Mvc.Infrastructure.ResourceInvoker.<InvokeFilterPipelineAsync>g__Awaited|20_0(ResourceInvoker invoker, Task lastTask, State next, Scope scope, Object state, Boolean isCompleted)
   at Microsoft.AspNetCore.Mvc.Infrastructure.ResourceInvoker.<InvokeAsync>g__Awaited|17_0(ResourceInvoker invoker, Task task, IDisposable scope)
   at Microsoft.AspNetCore.Mvc.Infrastructure.ResourceInvoker.<InvokeAsync>g__Awaited|17_0(ResourceInvoker invoker, Task task, IDisposable scope)
   at Microsoft.AspNetCore.Authorization.AuthorizationMiddleware.Invoke(HttpContext context)
   at Serilog.AspNetCore.RequestLoggingMiddleware.Invoke(HttpContext httpContext)
2026-08-11 14:16:30.003 +05:30 [ERR] An unhandled exception has occurred while executing the request.
System.InvalidOperationException: A second operation was started on this context instance before a previous operation completed. This is usually caused by different threads concurrently using the same instance of DbContext. For more information on how to avoid threading issues with DbContext, see https://go.microsoft.com/fwlink/?linkid=2097913.
   at Microsoft.EntityFrameworkCore.Infrastructure.Internal.ConcurrencyDetector.EnterCriticalSection()
   at Microsoft.EntityFrameworkCore.Query.Internal.SingleQueryingEnumerable`1.AsyncEnumerator.MoveNextAsync()
   at Microsoft.EntityFrameworkCore.EntityFrameworkQueryableExtensions.ToListAsync[TSource](IQueryable`1 source, CancellationToken cancellationToken)
   at Microsoft.EntityFrameworkCore.EntityFrameworkQueryableExtensions.ToListAsync[TSource](IQueryable`1 source, CancellationToken cancellationToken)
   at CASE_STUDY_7_DataAccess.Repositories.TradeBlotteRepo.TradeBlotterRepository.GetTradeBlotterAnalyticsAsync(TradeBlotterRequestDto request, CancellationToken cancellationToken) in D:\CaseStudy\WEB_API\CASE_STUDY_7\CASE_STUDY_7_DataAccess\Repositories\TradeBlotteRepo\TradeBlotterRepository.cs:line 139
   at CASE_STUDY_7.Controllers.TradeBlotterController.GetTradeBlotterAnalytics(TradeBlotterRequestDto request, CancellationToken cancellationToken) in D:\CaseStudy\WEB_API\CASE_STUDY_7\CASE_STUDY_7\Controllers\TradeBlotterController.cs:line 34
   at Microsoft.AspNetCore.Mvc.Infrastructure.ActionMethodExecutor.TaskOfIActionResultExecutor.Execute(ActionContext actionContext, IActionResultTypeMapper mapper, ObjectMethodExecutor executor, Object controller, Object[] arguments)
   at Microsoft.AspNetCore.Mvc.Infrastructure.ControllerActionInvoker.<InvokeActionMethodAsync>g__Awaited|12_0(ControllerActionInvoker invoker, ValueTask`1 actionResultValueTask)
   at Microsoft.AspNetCore.Mvc.Infrastructure.ControllerActionInvoker.<InvokeNextActionFilterAsync>g__Awaited|10_0(ControllerActionInvoker invoker, Task lastTask, State next, Scope scope, Object state, Boolean isCompleted)
   at Microsoft.AspNetCore.Mvc.Infrastructure.ControllerActionInvoker.Rethrow(ActionExecutedContextSealed context)
   at Microsoft.AspNetCore.Mvc.Infrastructure.ControllerActionInvoker.Next(State& next, Scope& scope, Object& state, Boolean& isCompleted)
   at Microsoft.AspNetCore.Mvc.Infrastructure.ControllerActionInvoker.<InvokeInnerFilterAsync>g__Awaited|13_0(ControllerActionInvoker invoker, Task lastTask, State next, Scope scope, Object state, Boolean isCompleted)
   at Microsoft.AspNetCore.Mvc.Infrastructure.ResourceInvoker.<InvokeFilterPipelineAsync>g__Awaited|20_0(ResourceInvoker invoker, Task lastTask, State next, Scope scope, Object state, Boolean isCompleted)
   at Microsoft.AspNetCore.Mvc.Infrastructure.ResourceInvoker.<InvokeAsync>g__Awaited|17_0(ResourceInvoker invoker, Task task, IDisposable scope)
   at Microsoft.AspNetCore.Mvc.Infrastructure.ResourceInvoker.<InvokeAsync>g__Awaited|17_0(ResourceInvoker invoker, Task task, IDisposable scope)
   at Microsoft.AspNetCore.Authorization.AuthorizationMiddleware.Invoke(HttpContext context)
   at Serilog.AspNetCore.RequestLoggingMiddleware.Invoke(HttpContext httpContext)
   at Swashbuckle.AspNetCore.SwaggerUI.SwaggerUIMiddleware.Invoke(HttpContext httpContext)
   at Swashbuckle.AspNetCore.Swagger.SwaggerMiddleware.Invoke(HttpContext httpContext, ISwaggerProvider swaggerProvider)
   at Microsoft.AspNetCore.Authentication.AuthenticationMiddleware.Invoke(HttpContext context)
   at Microsoft.AspNetCore.Diagnostics.DeveloperExceptionPageMiddlewareImpl.Invoke(HttpContext context)
2026-08-11 14:16:32.175 +05:30 [INF] HTTP GET /api/Security responded 200 in 31.8059 ms
2026-08-11 14:16:32.205 +05:30 [INF] Fetched 10 trade items for Page 1 (Total records matching filter: 304)
2026-08-11 14:16:32.206 +05:30 [INF] HTTP GET /api/Security responded 200 in 29.3108 ms
2026-08-11 14:16:32.206 +05:30 [INF] HTTP GET /api/TradeBlotter responded 200 in 61.3972 ms
2026-08-11 14:16:32.212 +05:30 [INF] HTTP GET /api/Trader responded 200 in 30.2719 ms
2026-08-11 14:16:32.243 +05:30 [INF] HTTP GET /api/Trader responded 200 in 29.5674 ms
2026-08-11 14:16:32.268 +05:30 [INF] Fetched 10 trade items for Page 1 (Total records matching filter: 304)
2026-08-11 14:16:32.269 +05:30 [INF] HTTP GET /api/TradeBlotter responded 200 in 61.1275 ms
2026-08-11 14:16:33.985 +05:30 [ERR] An exception occurred while iterating over the results of a query for context type 'CASE_STUDY_7.DataAccess.Vantage7Context'.
System.InvalidOperationException: A second operation was started on this context instance before a previous operation completed. This is usually caused by different threads concurrently using the same instance of DbContext. For more information on how to avoid threading issues with DbContext, see https://go.microsoft.com/fwlink/?linkid=2097913.
   at Microsoft.EntityFrameworkCore.Infrastructure.Internal.ConcurrencyDetector.EnterCriticalSection()
   at Microsoft.EntityFrameworkCore.Query.Internal.SingleQueryingEnumerable`1.AsyncEnumerator.MoveNextAsync()
System.InvalidOperationException: A second operation was started on this context instance before a previous operation completed. This is usually caused by different threads concurrently using the same instance of DbContext. For more information on how to avoid threading issues with DbContext, see https://go.microsoft.com/fwlink/?linkid=2097913.
   at Microsoft.EntityFrameworkCore.Infrastructure.Internal.ConcurrencyDetector.EnterCriticalSection()
   at Microsoft.EntityFrameworkCore.Query.Internal.SingleQueryingEnumerable`1.AsyncEnumerator.MoveNextAsync()
2026-08-11 14:16:33.988 +05:30 [ERR] An exception occurred while iterating over the results of a query for context type 'CASE_STUDY_7.DataAccess.Vantage7Context'.
System.InvalidOperationException: A second operation was started on this context instance before a previous operation completed. This is usually caused by different threads concurrently using the same instance of DbContext. For more information on how to avoid threading issues with DbContext, see https://go.microsoft.com/fwlink/?linkid=2097913.
   at Microsoft.EntityFrameworkCore.Infrastructure.Internal.ConcurrencyDetector.EnterCriticalSection()
   at Microsoft.EntityFrameworkCore.Query.Internal.SingleQueryingEnumerable`1.AsyncEnumerator.MoveNextAsync()
System.InvalidOperationException: A second operation was started on this context instance before a previous operation completed. This is usually caused by different threads concurrently using the same instance of DbContext. For more information on how to avoid threading issues with DbContext, see https://go.microsoft.com/fwlink/?linkid=2097913.
   at Microsoft.EntityFrameworkCore.Infrastructure.Internal.ConcurrencyDetector.EnterCriticalSection()
   at Microsoft.EntityFrameworkCore.Query.Internal.SingleQueryingEnumerable`1.AsyncEnumerator.MoveNextAsync()
2026-08-11 14:16:34.124 +05:30 [ERR] HTTP GET /api/TradeBlotter/analytics responded 500 in 143.1564 ms
System.InvalidOperationException: A second operation was started on this context instance before a previous operation completed. This is usually caused by different threads concurrently using the same instance of DbContext. For more information on how to avoid threading issues with DbContext, see https://go.microsoft.com/fwlink/?linkid=2097913.
   at Microsoft.EntityFrameworkCore.Infrastructure.Internal.ConcurrencyDetector.EnterCriticalSection()
   at Microsoft.EntityFrameworkCore.Query.Internal.SingleQueryingEnumerable`1.AsyncEnumerator.MoveNextAsync()
   at Microsoft.EntityFrameworkCore.EntityFrameworkQueryableExtensions.ToListAsync[TSource](IQueryable`1 source, CancellationToken cancellationToken)
   at Microsoft.EntityFrameworkCore.EntityFrameworkQueryableExtensions.ToListAsync[TSource](IQueryable`1 source, CancellationToken cancellationToken)
   at CASE_STUDY_7_DataAccess.Repositories.TradeBlotteRepo.TradeBlotterRepository.GetTradeBlotterAnalyticsAsync(TradeBlotterRequestDto request, CancellationToken cancellationToken) in D:\CaseStudy\WEB_API\CASE_STUDY_7\CASE_STUDY_7_DataAccess\Repositories\TradeBlotteRepo\TradeBlotterRepository.cs:line 139
   at CASE_STUDY_7.Controllers.TradeBlotterController.GetTradeBlotterAnalytics(TradeBlotterRequestDto request, CancellationToken cancellationToken) in D:\CaseStudy\WEB_API\CASE_STUDY_7\CASE_STUDY_7\Controllers\TradeBlotterController.cs:line 34
   at Microsoft.AspNetCore.Mvc.Infrastructure.ActionMethodExecutor.TaskOfIActionResultExecutor.Execute(ActionContext actionContext, IActionResultTypeMapper mapper, ObjectMethodExecutor executor, Object controller, Object[] arguments)
   at Microsoft.AspNetCore.Mvc.Infrastructure.ControllerActionInvoker.<InvokeActionMethodAsync>g__Awaited|12_0(ControllerActionInvoker invoker, ValueTask`1 actionResultValueTask)
   at Microsoft.AspNetCore.Mvc.Infrastructure.ControllerActionInvoker.<InvokeNextActionFilterAsync>g__Awaited|10_0(ControllerActionInvoker invoker, Task lastTask, State next, Scope scope, Object state, Boolean isCompleted)
   at Microsoft.AspNetCore.Mvc.Infrastructure.ControllerActionInvoker.Rethrow(ActionExecutedContextSealed context)
   at Microsoft.AspNetCore.Mvc.Infrastructure.ControllerActionInvoker.Next(State& next, Scope& scope, Object& state, Boolean& isCompleted)
   at Microsoft.AspNetCore.Mvc.Infrastructure.ControllerActionInvoker.<InvokeInnerFilterAsync>g__Awaited|13_0(ControllerActionInvoker invoker, Task lastTask, State next, Scope scope, Object state, Boolean isCompleted)
   at Microsoft.AspNetCore.Mvc.Infrastructure.ResourceInvoker.<InvokeFilterPipelineAsync>g__Awaited|20_0(ResourceInvoker invoker, Task lastTask, State next, Scope scope, Object state, Boolean isCompleted)
   at Microsoft.AspNetCore.Mvc.Infrastructure.ResourceInvoker.<InvokeAsync>g__Awaited|17_0(ResourceInvoker invoker, Task task, IDisposable scope)
   at Microsoft.AspNetCore.Mvc.Infrastructure.ResourceInvoker.<InvokeAsync>g__Awaited|17_0(ResourceInvoker invoker, Task task, IDisposable scope)
   at Microsoft.AspNetCore.Authorization.AuthorizationMiddleware.Invoke(HttpContext context)
   at Serilog.AspNetCore.RequestLoggingMiddleware.Invoke(HttpContext httpContext)
2026-08-11 14:16:34.130 +05:30 [ERR] An unhandled exception has occurred while executing the request.
System.InvalidOperationException: A second operation was started on this context instance before a previous operation completed. This is usually caused by different threads concurrently using the same instance of DbContext. For more information on how to avoid threading issues with DbContext, see https://go.microsoft.com/fwlink/?linkid=2097913.
   at Microsoft.EntityFrameworkCore.Infrastructure.Internal.ConcurrencyDetector.EnterCriticalSection()
   at Microsoft.EntityFrameworkCore.Query.Internal.SingleQueryingEnumerable`1.AsyncEnumerator.MoveNextAsync()
   at Microsoft.EntityFrameworkCore.EntityFrameworkQueryableExtensions.ToListAsync[TSource](IQueryable`1 source, CancellationToken cancellationToken)
   at Microsoft.EntityFrameworkCore.EntityFrameworkQueryableExtensions.ToListAsync[TSource](IQueryable`1 source, CancellationToken cancellationToken)
   at CASE_STUDY_7_DataAccess.Repositories.TradeBlotteRepo.TradeBlotterRepository.GetTradeBlotterAnalyticsAsync(TradeBlotterRequestDto request, CancellationToken cancellationToken) in D:\CaseStudy\WEB_API\CASE_STUDY_7\CASE_STUDY_7_DataAccess\Repositories\TradeBlotteRepo\TradeBlotterRepository.cs:line 139
   at CASE_STUDY_7.Controllers.TradeBlotterController.GetTradeBlotterAnalytics(TradeBlotterRequestDto request, CancellationToken cancellationToken) in D:\CaseStudy\WEB_API\CASE_STUDY_7\CASE_STUDY_7\Controllers\TradeBlotterController.cs:line 34
   at Microsoft.AspNetCore.Mvc.Infrastructure.ActionMethodExecutor.TaskOfIActionResultExecutor.Execute(ActionContext actionContext, IActionResultTypeMapper mapper, ObjectMethodExecutor executor, Object controller, Object[] arguments)
   at Microsoft.AspNetCore.Mvc.Infrastructure.ControllerActionInvoker.<InvokeActionMethodAsync>g__Awaited|12_0(ControllerActionInvoker invoker, ValueTask`1 actionResultValueTask)
   at Microsoft.AspNetCore.Mvc.Infrastructure.ControllerActionInvoker.<InvokeNextActionFilterAsync>g__Awaited|10_0(ControllerActionInvoker invoker, Task lastTask, State next, Scope scope, Object state, Boolean isCompleted)
   at Microsoft.AspNetCore.Mvc.Infrastructure.ControllerActionInvoker.Rethrow(ActionExecutedContextSealed context)
   at Microsoft.AspNetCore.Mvc.Infrastructure.ControllerActionInvoker.Next(State& next, Scope& scope, Object& state, Boolean& isCompleted)
   at Microsoft.AspNetCore.Mvc.Infrastructure.ControllerActionInvoker.<InvokeInnerFilterAsync>g__Awaited|13_0(ControllerActionInvoker invoker, Task lastTask, State next, Scope scope, Object state, Boolean isCompleted)
   at Microsoft.AspNetCore.Mvc.Infrastructure.ResourceInvoker.<InvokeFilterPipelineAsync>g__Awaited|20_0(ResourceInvoker invoker, Task lastTask, State next, Scope scope, Object state, Boolean isCompleted)
   at Microsoft.AspNetCore.Mvc.Infrastructure.ResourceInvoker.<InvokeAsync>g__Awaited|17_0(ResourceInvoker invoker, Task task, IDisposable scope)
   at Microsoft.AspNetCore.Mvc.Infrastructure.ResourceInvoker.<InvokeAsync>g__Awaited|17_0(ResourceInvoker invoker, Task task, IDisposable scope)
   at Microsoft.AspNetCore.Authorization.AuthorizationMiddleware.Invoke(HttpContext context)
   at Serilog.AspNetCore.RequestLoggingMiddleware.Invoke(HttpContext httpContext)
   at Swashbuckle.AspNetCore.SwaggerUI.SwaggerUIMiddleware.Invoke(HttpContext httpContext)
   at Swashbuckle.AspNetCore.Swagger.SwaggerMiddleware.Invoke(HttpContext httpContext, ISwaggerProvider swaggerProvider)
   at Microsoft.AspNetCore.Authentication.AuthenticationMiddleware.Invoke(HttpContext context)
   at Microsoft.AspNetCore.Diagnostics.DeveloperExceptionPageMiddlewareImpl.Invoke(HttpContext context)
2026-08-11 14:16:34.140 +05:30 [ERR] An exception occurred while iterating over the results of a query for context type 'CASE_STUDY_7.DataAccess.Vantage7Context'.
System.InvalidOperationException: A second operation was started on this context instance before a previous operation completed. This is usually caused by different threads concurrently using the same instance of DbContext. For more information on how to avoid threading issues with DbContext, see https://go.microsoft.com/fwlink/?linkid=2097913.
   at Microsoft.EntityFrameworkCore.Infrastructure.Internal.ConcurrencyDetector.EnterCriticalSection()
   at Microsoft.EntityFrameworkCore.Query.Internal.SingleQueryingEnumerable`1.AsyncEnumerator.MoveNextAsync()
System.InvalidOperationException: A second operation was started on this context instance before a previous operation completed. This is usually caused by different threads concurrently using the same instance of DbContext. For more information on how to avoid threading issues with DbContext, see https://go.microsoft.com/fwlink/?linkid=2097913.
   at Microsoft.EntityFrameworkCore.Infrastructure.Internal.ConcurrencyDetector.EnterCriticalSection()
   at Microsoft.EntityFrameworkCore.Query.Internal.SingleQueryingEnumerable`1.AsyncEnumerator.MoveNextAsync()
2026-08-11 14:16:34.142 +05:30 [ERR] An exception occurred while iterating over the results of a query for context type 'CASE_STUDY_7.DataAccess.Vantage7Context'.
System.InvalidOperationException: A second operation was started on this context instance before a previous operation completed. This is usually caused by different threads concurrently using the same instance of DbContext. For more information on how to avoid threading issues with DbContext, see https://go.microsoft.com/fwlink/?linkid=2097913.
   at Microsoft.EntityFrameworkCore.Infrastructure.Internal.ConcurrencyDetector.EnterCriticalSection()
   at Microsoft.EntityFrameworkCore.Query.Internal.SingleQueryingEnumerable`1.AsyncEnumerator.MoveNextAsync()
System.InvalidOperationException: A second operation was started on this context instance before a previous operation completed. This is usually caused by different threads concurrently using the same instance of DbContext. For more information on how to avoid threading issues with DbContext, see https://go.microsoft.com/fwlink/?linkid=2097913.
   at Microsoft.EntityFrameworkCore.Infrastructure.Internal.ConcurrencyDetector.EnterCriticalSection()
   at Microsoft.EntityFrameworkCore.Query.Internal.SingleQueryingEnumerable`1.AsyncEnumerator.MoveNextAsync()
2026-08-11 14:16:34.243 +05:30 [ERR] HTTP GET /api/TradeBlotter/analytics responded 500 in 106.1327 ms
System.InvalidOperationException: A second operation was started on this context instance before a previous operation completed. This is usually caused by different threads concurrently using the same instance of DbContext. For more information on how to avoid threading issues with DbContext, see https://go.microsoft.com/fwlink/?linkid=2097913.
   at Microsoft.EntityFrameworkCore.Infrastructure.Internal.ConcurrencyDetector.EnterCriticalSection()
   at Microsoft.EntityFrameworkCore.Query.Internal.SingleQueryingEnumerable`1.AsyncEnumerator.MoveNextAsync()
   at Microsoft.EntityFrameworkCore.EntityFrameworkQueryableExtensions.ToListAsync[TSource](IQueryable`1 source, CancellationToken cancellationToken)
   at Microsoft.EntityFrameworkCore.EntityFrameworkQueryableExtensions.ToListAsync[TSource](IQueryable`1 source, CancellationToken cancellationToken)
   at CASE_STUDY_7_DataAccess.Repositories.TradeBlotteRepo.TradeBlotterRepository.GetTradeBlotterAnalyticsAsync(TradeBlotterRequestDto request, CancellationToken cancellationToken) in D:\CaseStudy\WEB_API\CASE_STUDY_7\CASE_STUDY_7_DataAccess\Repositories\TradeBlotteRepo\TradeBlotterRepository.cs:line 139
   at CASE_STUDY_7.Controllers.TradeBlotterController.GetTradeBlotterAnalytics(TradeBlotterRequestDto request, CancellationToken cancellationToken) in D:\CaseStudy\WEB_API\CASE_STUDY_7\CASE_STUDY_7\Controllers\TradeBlotterController.cs:line 34
   at Microsoft.AspNetCore.Mvc.Infrastructure.ActionMethodExecutor.TaskOfIActionResultExecutor.Execute(ActionContext actionContext, IActionResultTypeMapper mapper, ObjectMethodExecutor executor, Object controller, Object[] arguments)
   at Microsoft.AspNetCore.Mvc.Infrastructure.ControllerActionInvoker.<InvokeActionMethodAsync>g__Awaited|12_0(ControllerActionInvoker invoker, ValueTask`1 actionResultValueTask)
   at Microsoft.AspNetCore.Mvc.Infrastructure.ControllerActionInvoker.<InvokeNextActionFilterAsync>g__Awaited|10_0(ControllerActionInvoker invoker, Task lastTask, State next, Scope scope, Object state, Boolean isCompleted)
   at Microsoft.AspNetCore.Mvc.Infrastructure.ControllerActionInvoker.Rethrow(ActionExecutedContextSealed context)
   at Microsoft.AspNetCore.Mvc.Infrastructure.ControllerActionInvoker.Next(State& next, Scope& scope, Object& state, Boolean& isCompleted)
   at Microsoft.AspNetCore.Mvc.Infrastructure.ControllerActionInvoker.<InvokeInnerFilterAsync>g__Awaited|13_0(ControllerActionInvoker invoker, Task lastTask, State next, Scope scope, Object state, Boolean isCompleted)
   at Microsoft.AspNetCore.Mvc.Infrastructure.ResourceInvoker.<InvokeFilterPipelineAsync>g__Awaited|20_0(ResourceInvoker invoker, Task lastTask, State next, Scope scope, Object state, Boolean isCompleted)
   at Microsoft.AspNetCore.Mvc.Infrastructure.ResourceInvoker.<InvokeAsync>g__Awaited|17_0(ResourceInvoker invoker, Task task, IDisposable scope)
   at Microsoft.AspNetCore.Mvc.Infrastructure.ResourceInvoker.<InvokeAsync>g__Awaited|17_0(ResourceInvoker invoker, Task task, IDisposable scope)
   at Microsoft.AspNetCore.Authorization.AuthorizationMiddleware.Invoke(HttpContext context)
   at Serilog.AspNetCore.RequestLoggingMiddleware.Invoke(HttpContext httpContext)
2026-08-11 14:16:34.248 +05:30 [ERR] An unhandled exception has occurred while executing the request.
System.InvalidOperationException: A second operation was started on this context instance before a previous operation completed. This is usually caused by different threads concurrently using the same instance of DbContext. For more information on how to avoid threading issues with DbContext, see https://go.microsoft.com/fwlink/?linkid=2097913.
   at Microsoft.EntityFrameworkCore.Infrastructure.Internal.ConcurrencyDetector.EnterCriticalSection()
   at Microsoft.EntityFrameworkCore.Query.Internal.SingleQueryingEnumerable`1.AsyncEnumerator.MoveNextAsync()
   at Microsoft.EntityFrameworkCore.EntityFrameworkQueryableExtensions.ToListAsync[TSource](IQueryable`1 source, CancellationToken cancellationToken)
   at Microsoft.EntityFrameworkCore.EntityFrameworkQueryableExtensions.ToListAsync[TSource](IQueryable`1 source, CancellationToken cancellationToken)
   at CASE_STUDY_7_DataAccess.Repositories.TradeBlotteRepo.TradeBlotterRepository.GetTradeBlotterAnalyticsAsync(TradeBlotterRequestDto request, CancellationToken cancellationToken) in D:\CaseStudy\WEB_API\CASE_STUDY_7\CASE_STUDY_7_DataAccess\Repositories\TradeBlotteRepo\TradeBlotterRepository.cs:line 139
   at CASE_STUDY_7.Controllers.TradeBlotterController.GetTradeBlotterAnalytics(TradeBlotterRequestDto request, CancellationToken cancellationToken) in D:\CaseStudy\WEB_API\CASE_STUDY_7\CASE_STUDY_7\Controllers\TradeBlotterController.cs:line 34
   at Microsoft.AspNetCore.Mvc.Infrastructure.ActionMethodExecutor.TaskOfIActionResultExecutor.Execute(ActionContext actionContext, IActionResultTypeMapper mapper, ObjectMethodExecutor executor, Object controller, Object[] arguments)
   at Microsoft.AspNetCore.Mvc.Infrastructure.ControllerActionInvoker.<InvokeActionMethodAsync>g__Awaited|12_0(ControllerActionInvoker invoker, ValueTask`1 actionResultValueTask)
   at Microsoft.AspNetCore.Mvc.Infrastructure.ControllerActionInvoker.<InvokeNextActionFilterAsync>g__Awaited|10_0(ControllerActionInvoker invoker, Task lastTask, State next, Scope scope, Object state, Boolean isCompleted)
   at Microsoft.AspNetCore.Mvc.Infrastructure.ControllerActionInvoker.Rethrow(ActionExecutedContextSealed context)
   at Microsoft.AspNetCore.Mvc.Infrastructure.ControllerActionInvoker.Next(State& next, Scope& scope, Object& state, Boolean& isCompleted)
   at Microsoft.AspNetCore.Mvc.Infrastructure.ControllerActionInvoker.<InvokeInnerFilterAsync>g__Awaited|13_0(ControllerActionInvoker invoker, Task lastTask, State next, Scope scope, Object state, Boolean isCompleted)
   at Microsoft.AspNetCore.Mvc.Infrastructure.ResourceInvoker.<InvokeFilterPipelineAsync>g__Awaited|20_0(ResourceInvoker invoker, Task lastTask, State next, Scope scope, Object state, Boolean isCompleted)
   at Microsoft.AspNetCore.Mvc.Infrastructure.ResourceInvoker.<InvokeAsync>g__Awaited|17_0(ResourceInvoker invoker, Task task, IDisposable scope)
   at Microsoft.AspNetCore.Mvc.Infrastructure.ResourceInvoker.<InvokeAsync>g__Awaited|17_0(ResourceInvoker invoker, Task task, IDisposable scope)
   at Microsoft.AspNetCore.Authorization.AuthorizationMiddleware.Invoke(HttpContext context)
   at Serilog.AspNetCore.RequestLoggingMiddleware.Invoke(HttpContext httpContext)
   at Swashbuckle.AspNetCore.SwaggerUI.SwaggerUIMiddleware.Invoke(HttpContext httpContext)
   at Swashbuckle.AspNetCore.Swagger.SwaggerMiddleware.Invoke(HttpContext httpContext, ISwaggerProvider swaggerProvider)
   at Microsoft.AspNetCore.Authentication.AuthenticationMiddleware.Invoke(HttpContext context)
   at Microsoft.AspNetCore.Diagnostics.DeveloperExceptionPageMiddlewareImpl.Invoke(HttpContext context)
2026-08-11 14:16:45.773 +05:30 [INF] Fetched 10 trade items for Page 1 (Total records matching filter: 304)
2026-08-11 14:16:45.775 +05:30 [INF] HTTP GET /api/TradeBlotter responded 200 in 62.8979 ms
2026-08-11 14:16:46.775 +05:30 [ERR] An exception occurred while iterating over the results of a query for context type 'CASE_STUDY_7.DataAccess.Vantage7Context'.
System.InvalidOperationException: A second operation was started on this context instance before a previous operation completed. This is usually caused by different threads concurrently using the same instance of DbContext. For more information on how to avoid threading issues with DbContext, see https://go.microsoft.com/fwlink/?linkid=2097913.
   at Microsoft.EntityFrameworkCore.Infrastructure.Internal.ConcurrencyDetector.EnterCriticalSection()
   at Microsoft.EntityFrameworkCore.Query.Internal.SingleQueryingEnumerable`1.AsyncEnumerator.MoveNextAsync()
System.InvalidOperationException: A second operation was started on this context instance before a previous operation completed. This is usually caused by different threads concurrently using the same instance of DbContext. For more information on how to avoid threading issues with DbContext, see https://go.microsoft.com/fwlink/?linkid=2097913.
   at Microsoft.EntityFrameworkCore.Infrastructure.Internal.ConcurrencyDetector.EnterCriticalSection()
   at Microsoft.EntityFrameworkCore.Query.Internal.SingleQueryingEnumerable`1.AsyncEnumerator.MoveNextAsync()
2026-08-11 14:16:46.778 +05:30 [ERR] An exception occurred while iterating over the results of a query for context type 'CASE_STUDY_7.DataAccess.Vantage7Context'.
System.InvalidOperationException: A second operation was started on this context instance before a previous operation completed. This is usually caused by different threads concurrently using the same instance of DbContext. For more information on how to avoid threading issues with DbContext, see https://go.microsoft.com/fwlink/?linkid=2097913.
   at Microsoft.EntityFrameworkCore.Infrastructure.Internal.ConcurrencyDetector.EnterCriticalSection()
   at Microsoft.EntityFrameworkCore.Query.Internal.SingleQueryingEnumerable`1.AsyncEnumerator.MoveNextAsync()
System.InvalidOperationException: A second operation was started on this context instance before a previous operation completed. This is usually caused by different threads concurrently using the same instance of DbContext. For more information on how to avoid threading issues with DbContext, see https://go.microsoft.com/fwlink/?linkid=2097913.
   at Microsoft.EntityFrameworkCore.Infrastructure.Internal.ConcurrencyDetector.EnterCriticalSection()
   at Microsoft.EntityFrameworkCore.Query.Internal.SingleQueryingEnumerable`1.AsyncEnumerator.MoveNextAsync()
2026-08-11 14:16:46.872 +05:30 [ERR] HTTP GET /api/TradeBlotter/analytics responded 500 in 99.7775 ms
System.InvalidOperationException: A second operation was started on this context instance before a previous operation completed. This is usually caused by different threads concurrently using the same instance of DbContext. For more information on how to avoid threading issues with DbContext, see https://go.microsoft.com/fwlink/?linkid=2097913.
   at Microsoft.EntityFrameworkCore.Infrastructure.Internal.ConcurrencyDetector.EnterCriticalSection()
   at Microsoft.EntityFrameworkCore.Query.Internal.SingleQueryingEnumerable`1.AsyncEnumerator.MoveNextAsync()
   at Microsoft.EntityFrameworkCore.EntityFrameworkQueryableExtensions.ToListAsync[TSource](IQueryable`1 source, CancellationToken cancellationToken)
   at Microsoft.EntityFrameworkCore.EntityFrameworkQueryableExtensions.ToListAsync[TSource](IQueryable`1 source, CancellationToken cancellationToken)
   at CASE_STUDY_7_DataAccess.Repositories.TradeBlotteRepo.TradeBlotterRepository.GetTradeBlotterAnalyticsAsync(TradeBlotterRequestDto request, CancellationToken cancellationToken) in D:\CaseStudy\WEB_API\CASE_STUDY_7\CASE_STUDY_7_DataAccess\Repositories\TradeBlotteRepo\TradeBlotterRepository.cs:line 139
   at CASE_STUDY_7.Controllers.TradeBlotterController.GetTradeBlotterAnalytics(TradeBlotterRequestDto request, CancellationToken cancellationToken) in D:\CaseStudy\WEB_API\CASE_STUDY_7\CASE_STUDY_7\Controllers\TradeBlotterController.cs:line 34
   at Microsoft.AspNetCore.Mvc.Infrastructure.ActionMethodExecutor.TaskOfIActionResultExecutor.Execute(ActionContext actionContext, IActionResultTypeMapper mapper, ObjectMethodExecutor executor, Object controller, Object[] arguments)
   at Microsoft.AspNetCore.Mvc.Infrastructure.ControllerActionInvoker.<InvokeActionMethodAsync>g__Awaited|12_0(ControllerActionInvoker invoker, ValueTask`1 actionResultValueTask)
   at Microsoft.AspNetCore.Mvc.Infrastructure.ControllerActionInvoker.<InvokeNextActionFilterAsync>g__Awaited|10_0(ControllerActionInvoker invoker, Task lastTask, State next, Scope scope, Object state, Boolean isCompleted)
   at Microsoft.AspNetCore.Mvc.Infrastructure.ControllerActionInvoker.Rethrow(ActionExecutedContextSealed context)
   at Microsoft.AspNetCore.Mvc.Infrastructure.ControllerActionInvoker.Next(State& next, Scope& scope, Object& state, Boolean& isCompleted)
   at Microsoft.AspNetCore.Mvc.Infrastructure.ControllerActionInvoker.<InvokeInnerFilterAsync>g__Awaited|13_0(ControllerActionInvoker invoker, Task lastTask, State next, Scope scope, Object state, Boolean isCompleted)
   at Microsoft.AspNetCore.Mvc.Infrastructure.ResourceInvoker.<InvokeFilterPipelineAsync>g__Awaited|20_0(ResourceInvoker invoker, Task lastTask, State next, Scope scope, Object state, Boolean isCompleted)
   at Microsoft.AspNetCore.Mvc.Infrastructure.ResourceInvoker.<InvokeAsync>g__Awaited|17_0(ResourceInvoker invoker, Task task, IDisposable scope)
   at Microsoft.AspNetCore.Mvc.Infrastructure.ResourceInvoker.<InvokeAsync>g__Awaited|17_0(ResourceInvoker invoker, Task task, IDisposable scope)
   at Microsoft.AspNetCore.Authorization.AuthorizationMiddleware.Invoke(HttpContext context)
   at Serilog.AspNetCore.RequestLoggingMiddleware.Invoke(HttpContext httpContext)
2026-08-11 14:16:46.877 +05:30 [ERR] An unhandled exception has occurred while executing the request.
System.InvalidOperationException: A second operation was started on this context instance before a previous operation completed. This is usually caused by different threads concurrently using the same instance of DbContext. For more information on how to avoid threading issues with DbContext, see https://go.microsoft.com/fwlink/?linkid=2097913.
   at Microsoft.EntityFrameworkCore.Infrastructure.Internal.ConcurrencyDetector.EnterCriticalSection()
   at Microsoft.EntityFrameworkCore.Query.Internal.SingleQueryingEnumerable`1.AsyncEnumerator.MoveNextAsync()
   at Microsoft.EntityFrameworkCore.EntityFrameworkQueryableExtensions.ToListAsync[TSource](IQueryable`1 source, CancellationToken cancellationToken)
   at Microsoft.EntityFrameworkCore.EntityFrameworkQueryableExtensions.ToListAsync[TSource](IQueryable`1 source, CancellationToken cancellationToken)
   at CASE_STUDY_7_DataAccess.Repositories.TradeBlotteRepo.TradeBlotterRepository.GetTradeBlotterAnalyticsAsync(TradeBlotterRequestDto request, CancellationToken cancellationToken) in D:\CaseStudy\WEB_API\CASE_STUDY_7\CASE_STUDY_7_DataAccess\Repositories\TradeBlotteRepo\TradeBlotterRepository.cs:line 139
   at CASE_STUDY_7.Controllers.TradeBlotterController.GetTradeBlotterAnalytics(TradeBlotterRequestDto request, CancellationToken cancellationToken) in D:\CaseStudy\WEB_API\CASE_STUDY_7\CASE_STUDY_7\Controllers\TradeBlotterController.cs:line 34
   at Microsoft.AspNetCore.Mvc.Infrastructure.ActionMethodExecutor.TaskOfIActionResultExecutor.Execute(ActionContext actionContext, IActionResultTypeMapper mapper, ObjectMethodExecutor executor, Object controller, Object[] arguments)
   at Microsoft.AspNetCore.Mvc.Infrastructure.ControllerActionInvoker.<InvokeActionMethodAsync>g__Awaited|12_0(ControllerActionInvoker invoker, ValueTask`1 actionResultValueTask)
   at Microsoft.AspNetCore.Mvc.Infrastructure.ControllerActionInvoker.<InvokeNextActionFilterAsync>g__Awaited|10_0(ControllerActionInvoker invoker, Task lastTask, State next, Scope scope, Object state, Boolean isCompleted)
   at Microsoft.AspNetCore.Mvc.Infrastructure.ControllerActionInvoker.Rethrow(ActionExecutedContextSealed context)
   at Microsoft.AspNetCore.Mvc.Infrastructure.ControllerActionInvoker.Next(State& next, Scope& scope, Object& state, Boolean& isCompleted)
   at Microsoft.AspNetCore.Mvc.Infrastructure.ControllerActionInvoker.<InvokeInnerFilterAsync>g__Awaited|13_0(ControllerActionInvoker invoker, Task lastTask, State next, Scope scope, Object state, Boolean isCompleted)
   at Microsoft.AspNetCore.Mvc.Infrastructure.ResourceInvoker.<InvokeFilterPipelineAsync>g__Awaited|20_0(ResourceInvoker invoker, Task lastTask, State next, Scope scope, Object state, Boolean isCompleted)
   at Microsoft.AspNetCore.Mvc.Infrastructure.ResourceInvoker.<InvokeAsync>g__Awaited|17_0(ResourceInvoker invoker, Task task, IDisposable scope)
   at Microsoft.AspNetCore.Mvc.Infrastructure.ResourceInvoker.<InvokeAsync>g__Awaited|17_0(ResourceInvoker invoker, Task task, IDisposable scope)
   at Microsoft.AspNetCore.Authorization.AuthorizationMiddleware.Invoke(HttpContext context)
   at Serilog.AspNetCore.RequestLoggingMiddleware.Invoke(HttpContext httpContext)
   at Swashbuckle.AspNetCore.SwaggerUI.SwaggerUIMiddleware.Invoke(HttpContext httpContext)
   at Swashbuckle.AspNetCore.Swagger.SwaggerMiddleware.Invoke(HttpContext httpContext, ISwaggerProvider swaggerProvider)
   at Microsoft.AspNetCore.Authentication.AuthenticationMiddleware.Invoke(HttpContext context)
   at Microsoft.AspNetCore.Diagnostics.DeveloperExceptionPageMiddlewareImpl.Invoke(HttpContext context)
2026-08-11 14:16:46.885 +05:30 [ERR] An exception occurred while iterating over the results of a query for context type 'CASE_STUDY_7.DataAccess.Vantage7Context'.
System.InvalidOperationException: A second operation was started on this context instance before a previous operation completed. This is usually caused by different threads concurrently using the same instance of DbContext. For more information on how to avoid threading issues with DbContext, see https://go.microsoft.com/fwlink/?linkid=2097913.
   at Microsoft.EntityFrameworkCore.Infrastructure.Internal.ConcurrencyDetector.EnterCriticalSection()
   at Microsoft.EntityFrameworkCore.Query.Internal.SingleQueryingEnumerable`1.AsyncEnumerator.MoveNextAsync()
System.InvalidOperationException: A second operation was started on this context instance before a previous operation completed. This is usually caused by different threads concurrently using the same instance of DbContext. For more information on how to avoid threading issues with DbContext, see https://go.microsoft.com/fwlink/?linkid=2097913.
   at Microsoft.EntityFrameworkCore.Infrastructure.Internal.ConcurrencyDetector.EnterCriticalSection()
   at Microsoft.EntityFrameworkCore.Query.Internal.SingleQueryingEnumerable`1.AsyncEnumerator.MoveNextAsync()
2026-08-11 14:16:46.887 +05:30 [ERR] An exception occurred while iterating over the results of a query for context type 'CASE_STUDY_7.DataAccess.Vantage7Context'.
System.InvalidOperationException: A second operation was started on this context instance before a previous operation completed. This is usually caused by different threads concurrently using the same instance of DbContext. For more information on how to avoid threading issues with DbContext, see https://go.microsoft.com/fwlink/?linkid=2097913.
   at Microsoft.EntityFrameworkCore.Infrastructure.Internal.ConcurrencyDetector.EnterCriticalSection()
   at Microsoft.EntityFrameworkCore.Query.Internal.SingleQueryingEnumerable`1.AsyncEnumerator.MoveNextAsync()
System.InvalidOperationException: A second operation was started on this context instance before a previous operation completed. This is usually caused by different threads concurrently using the same instance of DbContext. For more information on how to avoid threading issues with DbContext, see https://go.microsoft.com/fwlink/?linkid=2097913.
   at Microsoft.EntityFrameworkCore.Infrastructure.Internal.ConcurrencyDetector.EnterCriticalSection()
   at Microsoft.EntityFrameworkCore.Query.Internal.SingleQueryingEnumerable`1.AsyncEnumerator.MoveNextAsync()
2026-08-11 14:16:46.985 +05:30 [ERR] HTTP GET /api/TradeBlotter/analytics responded 500 in 101.8529 ms
System.InvalidOperationException: A second operation was started on this context instance before a previous operation completed. This is usually caused by different threads concurrently using the same instance of DbContext. For more information on how to avoid threading issues with DbContext, see https://go.microsoft.com/fwlink/?linkid=2097913.
   at Microsoft.EntityFrameworkCore.Infrastructure.Internal.ConcurrencyDetector.EnterCriticalSection()
   at Microsoft.EntityFrameworkCore.Query.Internal.SingleQueryingEnumerable`1.AsyncEnumerator.MoveNextAsync()
   at Microsoft.EntityFrameworkCore.EntityFrameworkQueryableExtensions.ToListAsync[TSource](IQueryable`1 source, CancellationToken cancellationToken)
   at Microsoft.EntityFrameworkCore.EntityFrameworkQueryableExtensions.ToListAsync[TSource](IQueryable`1 source, CancellationToken cancellationToken)
   at CASE_STUDY_7_DataAccess.Repositories.TradeBlotteRepo.TradeBlotterRepository.GetTradeBlotterAnalyticsAsync(TradeBlotterRequestDto request, CancellationToken cancellationToken) in D:\CaseStudy\WEB_API\CASE_STUDY_7\CASE_STUDY_7_DataAccess\Repositories\TradeBlotteRepo\TradeBlotterRepository.cs:line 139
   at CASE_STUDY_7.Controllers.TradeBlotterController.GetTradeBlotterAnalytics(TradeBlotterRequestDto request, CancellationToken cancellationToken) in D:\CaseStudy\WEB_API\CASE_STUDY_7\CASE_STUDY_7\Controllers\TradeBlotterController.cs:line 34
   at Microsoft.AspNetCore.Mvc.Infrastructure.ActionMethodExecutor.TaskOfIActionResultExecutor.Execute(ActionContext actionContext, IActionResultTypeMapper mapper, ObjectMethodExecutor executor, Object controller, Object[] arguments)
   at Microsoft.AspNetCore.Mvc.Infrastructure.ControllerActionInvoker.<InvokeActionMethodAsync>g__Awaited|12_0(ControllerActionInvoker invoker, ValueTask`1 actionResultValueTask)
   at Microsoft.AspNetCore.Mvc.Infrastructure.ControllerActionInvoker.<InvokeNextActionFilterAsync>g__Awaited|10_0(ControllerActionInvoker invoker, Task lastTask, State next, Scope scope, Object state, Boolean isCompleted)
   at Microsoft.AspNetCore.Mvc.Infrastructure.ControllerActionInvoker.Rethrow(ActionExecutedContextSealed context)
   at Microsoft.AspNetCore.Mvc.Infrastructure.ControllerActionInvoker.Next(State& next, Scope& scope, Object& state, Boolean& isCompleted)
   at Microsoft.AspNetCore.Mvc.Infrastructure.ControllerActionInvoker.<InvokeInnerFilterAsync>g__Awaited|13_0(ControllerActionInvoker invoker, Task lastTask, State next, Scope scope, Object state, Boolean isCompleted)
   at Microsoft.AspNetCore.Mvc.Infrastructure.ResourceInvoker.<InvokeFilterPipelineAsync>g__Awaited|20_0(ResourceInvoker invoker, Task lastTask, State next, Scope scope, Object state, Boolean isCompleted)
   at Microsoft.AspNetCore.Mvc.Infrastructure.ResourceInvoker.<InvokeAsync>g__Awaited|17_0(ResourceInvoker invoker, Task task, IDisposable scope)
   at Microsoft.AspNetCore.Mvc.Infrastructure.ResourceInvoker.<InvokeAsync>g__Awaited|17_0(ResourceInvoker invoker, Task task, IDisposable scope)
   at Microsoft.AspNetCore.Authorization.AuthorizationMiddleware.Invoke(HttpContext context)
   at Serilog.AspNetCore.RequestLoggingMiddleware.Invoke(HttpContext httpContext)
2026-08-11 14:16:46.989 +05:30 [ERR] An unhandled exception has occurred while executing the request.
System.InvalidOperationException: A second operation was started on this context instance before a previous operation completed. This is usually caused by different threads concurrently using the same instance of DbContext. For more information on how to avoid threading issues with DbContext, see https://go.microsoft.com/fwlink/?linkid=2097913.
   at Microsoft.EntityFrameworkCore.Infrastructure.Internal.ConcurrencyDetector.EnterCriticalSection()
   at Microsoft.EntityFrameworkCore.Query.Internal.SingleQueryingEnumerable`1.AsyncEnumerator.MoveNextAsync()
   at Microsoft.EntityFrameworkCore.EntityFrameworkQueryableExtensions.ToListAsync[TSource](IQueryable`1 source, CancellationToken cancellationToken)
   at Microsoft.EntityFrameworkCore.EntityFrameworkQueryableExtensions.ToListAsync[TSource](IQueryable`1 source, CancellationToken cancellationToken)
   at CASE_STUDY_7_DataAccess.Repositories.TradeBlotteRepo.TradeBlotterRepository.GetTradeBlotterAnalyticsAsync(TradeBlotterRequestDto request, CancellationToken cancellationToken) in D:\CaseStudy\WEB_API\CASE_STUDY_7\CASE_STUDY_7_DataAccess\Repositories\TradeBlotteRepo\TradeBlotterRepository.cs:line 139
   at CASE_STUDY_7.Controllers.TradeBlotterController.GetTradeBlotterAnalytics(TradeBlotterRequestDto request, CancellationToken cancellationToken) in D:\CaseStudy\WEB_API\CASE_STUDY_7\CASE_STUDY_7\Controllers\TradeBlotterController.cs:line 34
   at Microsoft.AspNetCore.Mvc.Infrastructure.ActionMethodExecutor.TaskOfIActionResultExecutor.Execute(ActionContext actionContext, IActionResultTypeMapper mapper, ObjectMethodExecutor executor, Object controller, Object[] arguments)
   at Microsoft.AspNetCore.Mvc.Infrastructure.ControllerActionInvoker.<InvokeActionMethodAsync>g__Awaited|12_0(ControllerActionInvoker invoker, ValueTask`1 actionResultValueTask)
   at Microsoft.AspNetCore.Mvc.Infrastructure.ControllerActionInvoker.<InvokeNextActionFilterAsync>g__Awaited|10_0(ControllerActionInvoker invoker, Task lastTask, State next, Scope scope, Object state, Boolean isCompleted)
   at Microsoft.AspNetCore.Mvc.Infrastructure.ControllerActionInvoker.Rethrow(ActionExecutedContextSealed context)
   at Microsoft.AspNetCore.Mvc.Infrastructure.ControllerActionInvoker.Next(State& next, Scope& scope, Object& state, Boolean& isCompleted)
   at Microsoft.AspNetCore.Mvc.Infrastructure.ControllerActionInvoker.<InvokeInnerFilterAsync>g__Awaited|13_0(ControllerActionInvoker invoker, Task lastTask, State next, Scope scope, Object state, Boolean isCompleted)
   at Microsoft.AspNetCore.Mvc.Infrastructure.ResourceInvoker.<InvokeFilterPipelineAsync>g__Awaited|20_0(ResourceInvoker invoker, Task lastTask, State next, Scope scope, Object state, Boolean isCompleted)
   at Microsoft.AspNetCore.Mvc.Infrastructure.ResourceInvoker.<InvokeAsync>g__Awaited|17_0(ResourceInvoker invoker, Task task, IDisposable scope)
   at Microsoft.AspNetCore.Mvc.Infrastructure.ResourceInvoker.<InvokeAsync>g__Awaited|17_0(ResourceInvoker invoker, Task task, IDisposable scope)
   at Microsoft.AspNetCore.Authorization.AuthorizationMiddleware.Invoke(HttpContext context)
   at Serilog.AspNetCore.RequestLoggingMiddleware.Invoke(HttpContext httpContext)
   at Swashbuckle.AspNetCore.SwaggerUI.SwaggerUIMiddleware.Invoke(HttpContext httpContext)
   at Swashbuckle.AspNetCore.Swagger.SwaggerMiddleware.Invoke(HttpContext httpContext, ISwaggerProvider swaggerProvider)
   at Microsoft.AspNetCore.Authentication.AuthenticationMiddleware.Invoke(HttpContext context)
   at Microsoft.AspNetCore.Diagnostics.DeveloperExceptionPageMiddlewareImpl.Invoke(HttpContext context)
2026-08-11 14:18:06.928 +05:30 [INF] HTTP GET /api/Security responded 200 in 137.4898 ms
2026-08-11 14:18:06.990 +05:30 [INF] Fetched 10 trade items for Page 1 (Total records matching filter: 304)
2026-08-11 14:18:06.996 +05:30 [INF] HTTP GET /api/TradeBlotter responded 200 in 206.6830 ms
2026-08-11 14:18:07.061 +05:30 [INF] Fetched 10 trade items for Page 1 (Total records matching filter: 304)
2026-08-11 14:18:07.064 +05:30 [INF] HTTP GET /api/TradeBlotter responded 200 in 65.9157 ms
2026-08-11 14:18:07.082 +05:30 [INF] HTTP GET /api/Security responded 200 in 152.6767 ms
2026-08-11 14:18:07.199 +05:30 [INF] HTTP GET /api/Trader responded 200 in 232.8465 ms
2026-08-11 14:18:07.231 +05:30 [INF] HTTP GET /api/Trader responded 200 in 30.6759 ms
2026-08-11 14:18:08.651 +05:30 [WRN] The query uses the 'First'/'FirstOrDefault' operator without 'OrderBy' and filter operators. This may lead to unpredictable results.
2026-08-11 14:18:08.766 +05:30 [INF] Computed Trade Blotter Analytics. Total Volume: ¤31,946,809.47, Total Trades: 304
2026-08-11 14:18:08.773 +05:30 [INF] HTTP GET /api/TradeBlotter/analytics responded 200 in 160.1863 ms
2026-08-11 14:18:08.866 +05:30 [INF] Computed Trade Blotter Analytics. Total Volume: ¤31,946,809.47, Total Trades: 304
2026-08-11 14:18:08.867 +05:30 [INF] HTTP GET /api/TradeBlotter/analytics responded 200 in 91.9384 ms
2026-08-11 14:18:15.901 +05:30 [INF] Computed Trade Blotter Analytics. Total Volume: ¤31,946,809.47, Total Trades: 304
2026-08-11 14:18:15.904 +05:30 [INF] HTTP GET /api/TradeBlotter/analytics responded 200 in 93.5302 ms
2026-08-11 14:18:18.582 +05:30 [WRN] The query uses the 'First'/'FirstOrDefault' operator without 'OrderBy' and filter operators. This may lead to unpredictable results.
2026-08-11 14:18:18.732 +05:30 [INF] Computed Trade Blotter Analytics. Total Volume: ¤2,551,678.46, Total Trades: 80
2026-08-11 14:18:18.735 +05:30 [INF] HTTP GET /api/TradeBlotter/analytics responded 200 in 165.6795 ms
2026-08-11 14:18:33.442 +05:30 [INF] Computed Trade Blotter Analytics. Total Volume: ¤31,946,809.47, Total Trades: 304
2026-08-11 14:18:33.444 +05:30 [INF] HTTP GET /api/TradeBlotter/analytics responded 200 in 91.0359 ms
2026-08-11 14:18:46.640 +05:30 [INF] Computed Trade Blotter Analytics. Total Volume: ¤29,395,131.01, Total Trades: 224
2026-08-11 14:18:46.642 +05:30 [INF] HTTP GET /api/TradeBlotter/analytics responded 200 in 95.7876 ms
2026-08-11 14:18:56.413 +05:30 [INF] Fetched 10 trade items for Page 1 (Total records matching filter: 224)
2026-08-11 14:18:56.416 +05:30 [INF] HTTP GET /api/TradeBlotter responded 200 in 97.4785 ms
2026-08-11 14:18:59.118 +05:30 [INF] HTTP GET /api/Security responded 200 in 30.4026 ms
2026-08-11 14:18:59.150 +05:30 [INF] HTTP GET /api/Security responded 200 in 30.0661 ms
2026-08-11 14:19:00.964 +05:30 [INF] HTTP OPTIONS /api/PnL/summary responded 204 in 0.7064 ms
2026-08-11 14:19:01.057 +05:30 [INF] Rolling forward PnL state for BD01 from "2026-02-02" to "2026-03-31"...
2026-08-11 14:19:01.073 +05:30 [INF] Rolling forward PnL state for BD02 from "2026-02-02" to "2026-03-31"...
2026-08-11 14:19:01.078 +05:30 [INF] Rolling forward PnL state for BD03 from "2026-02-02" to "2026-03-31"...
2026-08-11 14:19:01.083 +05:30 [INF] Rolling forward PnL state for EQ01 from "2026-02-02" to "2026-03-31"...
2026-08-11 14:19:01.086 +05:30 [INF] Rolling forward PnL state for EQ02 from "2026-02-02" to "2026-03-31"...
2026-08-11 14:19:01.091 +05:30 [INF] Rolling forward PnL state for EQ03 from "2026-02-02" to "2026-03-31"...
2026-08-11 14:19:01.095 +05:30 [INF] Rolling forward PnL state for EQ04 from "2026-02-02" to "2026-03-31"...
2026-08-11 14:19:01.098 +05:30 [INF] Rolling forward PnL state for EQ05 from "2026-02-02" to "2026-03-31"...
2026-08-11 14:19:01.100 +05:30 [INF] Rolling forward PnL state for ET01 from "2026-02-02" to "2026-03-31"...
2026-08-11 14:19:01.102 +05:30 [INF] Rolling forward PnL state for ET02 from "2026-02-02" to "2026-03-31"...
2026-08-11 14:19:01.105 +05:30 [INF] Rolling forward PnL state for ET03 from "2026-02-02" to "2026-03-31"...
2026-08-11 14:19:01.105 +05:30 [INF] Successfully cached daily snapshots for SecurityId: BD01 up to "2026-03-31"
2026-08-11 14:19:01.105 +05:30 [INF] Successfully cached daily snapshots for SecurityId: BD02 up to "2026-03-31"
2026-08-11 14:19:01.110 +05:30 [INF] Successfully cached daily snapshots for SecurityId: BD03 up to "2026-03-31"
2026-08-11 14:19:01.130 +05:30 [INF] Successfully cached daily snapshots for SecurityId: ET01 up to "2026-03-31"
2026-08-11 14:19:01.134 +05:30 [INF] Successfully cached daily snapshots for SecurityId: ET03 up to "2026-03-31"
2026-08-11 14:19:01.232 +05:30 [INF] Successfully cached daily snapshots for SecurityId: EQ02 up to "2026-03-31"
2026-08-11 14:19:01.234 +05:30 [INF] Successfully cached daily snapshots for SecurityId: EQ01 up to "2026-03-31"
2026-08-11 14:19:01.235 +05:30 [INF] Successfully cached daily snapshots for SecurityId: EQ03 up to "2026-03-31"
2026-08-11 14:19:01.235 +05:30 [INF] Successfully cached daily snapshots for SecurityId: EQ04 up to "2026-03-31"
2026-08-11 14:19:01.347 +05:30 [INF] Successfully cached daily snapshots for SecurityId: EQ05 up to "2026-03-31"
2026-08-11 14:19:01.347 +05:30 [INF] Successfully cached daily snapshots for SecurityId: ET02 up to "2026-03-31"
2026-08-11 14:19:01.351 +05:30 [INF] HTTP GET /api/PnL/summary responded 200 in 381.4659 ms
2026-08-11 14:19:01.388 +05:30 [INF] HTTP OPTIONS /hubs/pnl/negotiate responded 204 in 0.2021 ms
2026-08-11 14:19:01.401 +05:30 [INF] HTTP POST /hubs/pnl/negotiate responded 200 in 3.4040 ms
2026-08-11 14:19:06.687 +05:30 [INF] HTTP CONNECT /hubs/pnl responded 200 in 5263.3885 ms
2026-08-11 14:19:06.701 +05:30 [INF] HTTP GET /api/Security responded 200 in 31.1277 ms
2026-08-11 14:19:06.732 +05:30 [INF] Fetched 10 trade items for Page 1 (Total records matching filter: 304)
2026-08-11 14:19:06.733 +05:30 [INF] HTTP GET /api/Security responded 200 in 30.4709 ms
2026-08-11 14:19:06.734 +05:30 [INF] HTTP GET /api/TradeBlotter responded 200 in 62.8247 ms
2026-08-11 14:19:06.734 +05:30 [INF] HTTP GET /api/Trader responded 200 in 29.6517 ms
2026-08-11 14:19:06.769 +05:30 [INF] HTTP GET /api/Trader responded 200 in 31.5055 ms
2026-08-11 14:19:06.799 +05:30 [INF] Fetched 10 trade items for Page 1 (Total records matching filter: 304)
2026-08-11 14:19:06.802 +05:30 [INF] HTTP GET /api/TradeBlotter responded 200 in 66.2148 ms
2026-08-11 14:19:08.588 +05:30 [INF] Computed Trade Blotter Analytics. Total Volume: ¤31,946,809.47, Total Trades: 304
2026-08-11 14:19:08.590 +05:30 [INF] HTTP GET /api/TradeBlotter/analytics responded 200 in 93.7942 ms
2026-08-11 14:19:08.692 +05:30 [INF] Computed Trade Blotter Analytics. Total Volume: ¤31,946,809.47, Total Trades: 304
2026-08-11 14:19:08.694 +05:30 [INF] HTTP GET /api/TradeBlotter/analytics responded 200 in 102.8344 ms
2026-08-11 14:19:14.620 +05:30 [WRN] The query uses the 'First'/'FirstOrDefault' operator without 'OrderBy' and filter operators. This may lead to unpredictable results.
2026-08-11 14:19:14.784 +05:30 [INF] Computed Trade Blotter Analytics. Total Volume: ¤3,415,005.15, Total Trades: 23
2026-08-11 14:19:14.786 +05:30 [INF] HTTP GET /api/TradeBlotter/analytics responded 200 in 167.8363 ms
2026-08-11 14:19:18.031 +05:30 [WRN] The query uses the 'First'/'FirstOrDefault' operator without 'OrderBy' and filter operators. This may lead to unpredictable results.
2026-08-11 14:19:18.193 +05:30 [INF] Computed Trade Blotter Analytics. Total Volume: ¤1,113,485.23, Total Trades: 6
2026-08-11 14:19:18.194 +05:30 [INF] HTTP GET /api/TradeBlotter/analytics responded 200 in 166.7117 ms
2026-08-11 14:19:32.479 +05:30 [WRN] The query uses the 'First'/'FirstOrDefault' operator without 'OrderBy' and filter operators. This may lead to unpredictable results.
2026-08-11 14:19:32.613 +05:30 [INF] Computed Trade Blotter Analytics. Total Volume: ¤8,640,076.33, Total Trades: 69
2026-08-11 14:19:32.615 +05:30 [INF] HTTP GET /api/TradeBlotter/analytics responded 200 in 139.5899 ms
2026-08-11 14:19:34.882 +05:30 [INF] Computed Trade Blotter Analytics. Total Volume: ¤31,946,809.47, Total Trades: 304
2026-08-11 14:19:34.883 +05:30 [INF] HTTP GET /api/TradeBlotter/analytics responded 200 in 89.8459 ms
2026-08-11 14:19:36.005 +05:30 [INF] Computed Trade Blotter Analytics. Total Volume: ¤31,946,809.47, Total Trades: 304
2026-08-11 14:19:36.007 +05:30 [INF] HTTP GET /api/TradeBlotter/analytics responded 200 in 91.2230 ms
2026-08-11 14:19:37.866 +05:30 [INF] Fetched 10 trade items for Page 1 (Total records matching filter: 304)
2026-08-11 14:19:37.868 +05:30 [INF] HTTP GET /api/TradeBlotter responded 200 in 62.5265 ms
2026-08-11 14:20:09.488 +05:30 [INF] Fetched 0 trade items for Page 1 (Total records matching filter: 0)
2026-08-11 14:20:09.490 +05:30 [INF] HTTP GET /api/TradeBlotter responded 200 in 74.3888 ms
2026-08-11 14:20:16.191 +05:30 [INF] Fetched 0 trade items for Page 1 (Total records matching filter: 0)
2026-08-11 14:20:16.194 +05:30 [INF] HTTP GET /api/TradeBlotter responded 200 in 74.3769 ms
2026-08-11 14:20:19.644 +05:30 [INF] Fetched 10 trade items for Page 1 (Total records matching filter: 304)
2026-08-11 14:20:19.647 +05:30 [INF] HTTP GET /api/TradeBlotter responded 200 in 62.4888 ms
2026-08-11 14:25:12.673 +05:30 [INF] Fetched 10 trade items for Page 1 (Total records matching filter: 243)
2026-08-11 14:25:12.676 +05:30 [INF] HTTP GET /api/TradeBlotter responded 200 in 186.8640 ms
2026-08-11 14:25:30.066 +05:30 [INF] Fetched 10 trade items for Page 1 (Total records matching filter: 243)
2026-08-11 14:25:30.069 +05:30 [INF] HTTP GET /api/TradeBlotter responded 200 in 702.7454 ms
2026-08-11 14:25:33.319 +05:30 [INF] Fetched 10 trade items for Page 1 (Total records matching filter: 243)
2026-08-11 14:25:33.320 +05:30 [INF] HTTP GET /api/TradeBlotter responded 200 in 52.2854 ms
2026-08-11 14:25:52.818 +05:30 [WRN] The query uses the 'First'/'FirstOrDefault' operator without 'OrderBy' and filter operators. This may lead to unpredictable results.
2026-08-11 14:25:52.915 +05:30 [INF] Computed Trade Blotter Analytics. Total Volume: ¤27,092,899.37, Total Trades: 243
2026-08-11 14:25:52.918 +05:30 [INF] HTTP GET /api/TradeBlotter/analytics responded 200 in 104.3596 ms
2026-08-11 14:25:53.002 +05:30 [INF] Computed Trade Blotter Analytics. Total Volume: ¤27,092,899.37, Total Trades: 243
2026-08-11 14:25:53.005 +05:30 [INF] HTTP GET /api/TradeBlotter/analytics responded 200 in 83.8758 ms
2026-08-11 14:25:56.132 +05:30 [INF] Fetched 10 trade items for Page 1 (Total records matching filter: 243)
2026-08-11 14:25:56.135 +05:30 [INF] HTTP GET /api/TradeBlotter responded 200 in 53.7857 ms
2026-08-11 14:25:57.568 +05:30 [INF] HTTP GET /api/Security responded 200 in 25.7132 ms
2026-08-11 14:25:57.594 +05:30 [INF] HTTP GET /api/Security responded 200 in 24.7754 ms
2026-08-11 14:25:57.675 +05:30 [INF] HTTP GET /api/Trader responded 200 in 101.4628 ms
2026-08-11 14:25:57.699 +05:30 [INF] Fetched 10 trade items for Page 1 (Total records matching filter: 304)
2026-08-11 14:25:57.701 +05:30 [INF] HTTP GET /api/TradeBlotter responded 200 in 155.1576 ms
2026-08-11 14:25:57.702 +05:30 [INF] HTTP GET /api/Trader responded 200 in 24.5287 ms
2026-08-11 14:25:57.752 +05:30 [INF] Fetched 10 trade items for Page 1 (Total records matching filter: 304)
2026-08-11 14:25:57.754 +05:30 [INF] HTTP GET /api/TradeBlotter responded 200 in 51.4982 ms
2026-08-11 14:26:03.061 +05:30 [INF] Fetched 10 trade items for Page 1 (Total records matching filter: 222)
2026-08-11 14:26:03.062 +05:30 [INF] HTTP GET /api/TradeBlotter responded 200 in 52.6915 ms
2026-08-11 14:26:10.248 +05:30 [INF] Fetched 10 trade items for Page 1 (Total records matching filter: 116)
2026-08-11 14:26:10.251 +05:30 [INF] HTTP GET /api/TradeBlotter responded 200 in 54.2199 ms
2026-08-11 14:26:16.571 +05:30 [WRN] The query uses the 'First'/'FirstOrDefault' operator without 'OrderBy' and filter operators. This may lead to unpredictable results.
2026-08-11 14:26:16.668 +05:30 [INF] Computed Trade Blotter Analytics. Total Volume: ¤12,988,648.01, Total Trades: 116
2026-08-11 14:26:16.670 +05:30 [INF] HTTP GET /api/TradeBlotter/analytics responded 200 in 102.1616 ms
2026-08-11 14:26:16.749 +05:30 [INF] Computed Trade Blotter Analytics. Total Volume: ¤12,988,648.01, Total Trades: 116
2026-08-11 14:26:16.750 +05:30 [INF] HTTP GET /api/TradeBlotter/analytics responded 200 in 77.1839 ms
2026-08-11 14:26:27.052 +05:30 [INF] HTTP GET /api/Security responded 200 in 25.1084 ms
2026-08-11 14:26:27.078 +05:30 [INF] HTTP GET /api/Security responded 200 in 24.8557 ms
2026-08-11 14:26:27.085 +05:30 [INF] Fetched 10 trade items for Page 1 (Total records matching filter: 304)
2026-08-11 14:26:27.087 +05:30 [INF] HTTP GET /api/TradeBlotter responded 200 in 53.1232 ms
2026-08-11 14:26:27.137 +05:30 [INF] Fetched 10 trade items for Page 1 (Total records matching filter: 304)
2026-08-11 14:26:27.138 +05:30 [INF] HTTP GET /api/TradeBlotter responded 200 in 50.3804 ms
2026-08-11 14:26:27.182 +05:30 [INF] HTTP GET /api/Trader responded 200 in 125.4583 ms
2026-08-11 14:26:27.209 +05:30 [INF] HTTP GET /api/Trader responded 200 in 24.7417 ms
2026-08-11 14:26:28.721 +05:30 [INF] Computed Trade Blotter Analytics. Total Volume: ¤31,946,809.47, Total Trades: 304
2026-08-11 14:26:28.723 +05:30 [INF] HTTP GET /api/TradeBlotter/analytics responded 200 in 77.5187 ms
2026-08-11 14:26:28.800 +05:30 [INF] Computed Trade Blotter Analytics. Total Volume: ¤31,946,809.47, Total Trades: 304
2026-08-11 14:26:28.802 +05:30 [INF] HTTP GET /api/TradeBlotter/analytics responded 200 in 77.5348 ms
2026-08-11 14:26:47.328 +05:30 [INF] Fetched 10 trade items for Page 1 (Total records matching filter: 304)
2026-08-11 14:26:47.330 +05:30 [INF] HTTP GET /api/TradeBlotter responded 200 in 51.6835 ms
2026-08-11 14:26:59.705 +05:30 [INF] Fetched 10 trade items for Page 1 (Total records matching filter: 304)
2026-08-11 14:26:59.708 +05:30 [INF] HTTP GET /api/TradeBlotter responded 200 in 60.2386 ms
2026-08-11 14:27:00.877 +05:30 [INF] Fetched 10 trade items for Page 1 (Total records matching filter: 304)
2026-08-11 14:27:00.880 +05:30 [INF] HTTP GET /api/TradeBlotter responded 200 in 53.9554 ms
2026-08-11 14:27:04.322 +05:30 [INF] Computed Trade Blotter Analytics. Total Volume: ¤31,946,809.47, Total Trades: 304
2026-08-11 14:27:04.324 +05:30 [INF] HTTP GET /api/TradeBlotter/analytics responded 200 in 78.0067 ms
2026-08-11 14:27:04.402 +05:30 [INF] Computed Trade Blotter Analytics. Total Volume: ¤31,946,809.47, Total Trades: 304
2026-08-11 14:27:04.403 +05:30 [INF] HTTP GET /api/TradeBlotter/analytics responded 200 in 77.6611 ms
2026-08-11 14:27:05.277 +05:30 [INF] Fetched 10 trade items for Page 1 (Total records matching filter: 304)
2026-08-11 14:27:05.280 +05:30 [INF] HTTP GET /api/TradeBlotter responded 200 in 54.1019 ms
2026-08-11 14:27:06.408 +05:30 [INF] Exporting 304 trades to CSV stream
2026-08-11 14:27:06.420 +05:30 [INF] HTTP GET /api/TradeBlotter/export responded 200 in 80.0651 ms
2026-08-11 14:28:41.073 +05:30 [INF] HTTP GET /api/Security responded 200 in 114.9614 ms
2026-08-11 14:28:41.143 +05:30 [INF] Fetched 10 trade items for Page 1 (Total records matching filter: 304)
2026-08-11 14:28:41.150 +05:30 [INF] HTTP GET /api/TradeBlotter responded 200 in 193.3863 ms
2026-08-11 14:28:41.214 +05:30 [INF] Fetched 10 trade items for Page 1 (Total records matching filter: 304)
2026-08-11 14:28:41.216 +05:30 [INF] HTTP GET /api/TradeBlotter responded 200 in 64.0344 ms
2026-08-11 14:28:41.221 +05:30 [INF] HTTP GET /api/Security responded 200 in 148.1122 ms
2026-08-11 14:28:41.337 +05:30 [INF] HTTP GET /api/Trader responded 200 in 229.6562 ms
2026-08-11 14:28:41.369 +05:30 [INF] HTTP GET /api/Trader responded 200 in 30.0836 ms
2026-08-11 14:28:50.380 +05:30 [INF] Fetched 10 trade items for Page 1 (Total records matching filter: 243)
2026-08-11 14:28:50.383 +05:30 [INF] HTTP GET /api/TradeBlotter responded 200 in 79.8592 ms
2026-08-11 14:28:57.887 +05:30 [INF] Fetched 0 trade items for Page 1 (Total records matching filter: 0)
2026-08-11 14:28:57.890 +05:30 [INF] HTTP GET /api/TradeBlotter responded 200 in 72.8694 ms
2026-08-11 14:29:02.941 +05:30 [INF] HTTP GET /api/Security responded 200 in 30.6932 ms
2026-08-11 14:29:02.974 +05:30 [INF] Fetched 10 trade items for Page 1 (Total records matching filter: 304)
2026-08-11 14:29:02.974 +05:30 [INF] HTTP GET /api/Security responded 200 in 31.5398 ms
2026-08-11 14:29:02.976 +05:30 [INF] HTTP GET /api/TradeBlotter responded 200 in 64.0383 ms
2026-08-11 14:29:02.993 +05:30 [INF] HTTP GET /api/Trader responded 200 in 43.8475 ms
2026-08-11 14:29:03.024 +05:30 [INF] HTTP GET /api/Trader responded 200 in 29.7176 ms
2026-08-11 14:29:03.036 +05:30 [INF] Fetched 10 trade items for Page 1 (Total records matching filter: 304)
2026-08-11 14:29:03.038 +05:30 [INF] HTTP GET /api/TradeBlotter responded 200 in 60.6027 ms
2026-08-11 14:29:11.381 +05:30 [INF] Fetched 10 trade items for Page 1 (Total records matching filter: 224)
2026-08-11 14:29:11.383 +05:30 [INF] HTTP GET /api/TradeBlotter responded 200 in 106.4546 ms
2026-08-11 14:29:20.403 +05:30 [INF] Fetched 10 trade items for Page 1 (Total records matching filter: 23)
2026-08-11 14:29:20.406 +05:30 [INF] HTTP GET /api/TradeBlotter responded 200 in 145.2568 ms
2026-08-11 14:29:26.605 +05:30 [INF] Fetched 10 trade items for Page 1 (Total records matching filter: 23)
2026-08-11 14:29:26.606 +05:30 [INF] HTTP GET /api/TradeBlotter responded 200 in 98.7238 ms
2026-08-11 14:29:29.023 +05:30 [INF] Fetched 10 trade items for Page 1 (Total records matching filter: 304)
2026-08-11 14:29:29.025 +05:30 [INF] HTTP GET /api/TradeBlotter responded 200 in 62.6699 ms
2026-08-11 14:30:00.285 +05:30 [ERR] HTTP GET /api/TradeBlotter responded 500 in 19404.9609 ms
System.InvalidOperationException: An exception has been raised that is likely due to a transient failure. Consider enabling transient error resiliency by adding 'EnableRetryOnFailure' to the 'UseSqlServer' call.
 ---> Microsoft.Data.SqlClient.SqlException (0x80131904): A transport-level error has occurred when receiving results from the server. (provider: TCP Provider, error: 0 - A connection attempt failed because the connected party did not properly respond after a period of time, or established connection failed because connected host has failed to respond.)
 ---> System.ComponentModel.Win32Exception (10060): A connection attempt failed because the connected party did not properly respond after a period of time, or established connection failed because connected host has failed to respond.
   at Microsoft.Data.SqlClient.SqlCommand.<>c.<ExecuteDbDataReaderAsync>b__195_0(Task`1 result)
   at System.Threading.Tasks.ContinuationResultTaskFromResultTask`2.InnerInvoke()
   at System.Threading.ExecutionContext.RunInternal(ExecutionContext executionContext, ContextCallback callback, Object state)
--- End of stack trace from previous location ---
   at System.Threading.ExecutionContext.RunInternal(ExecutionContext executionContext, ContextCallback callback, Object state)
   at System.Threading.Tasks.Task.ExecuteWithThreadLocal(Task& currentTaskSlot, Thread threadPoolThread)
--- End of stack trace from previous location ---
   at Microsoft.EntityFrameworkCore.Storage.RelationalCommand.ExecuteReaderAsync(RelationalCommandParameterObject parameterObject, CancellationToken cancellationToken)
   at Microsoft.EntityFrameworkCore.Storage.RelationalCommand.ExecuteReaderAsync(RelationalCommandParameterObject parameterObject, CancellationToken cancellationToken)
   at Microsoft.EntityFrameworkCore.Query.Internal.SingleQueryingEnumerable`1.AsyncEnumerator.InitializeReaderAsync(AsyncEnumerator enumerator, CancellationToken cancellationToken)
   at Microsoft.EntityFrameworkCore.SqlServer.Storage.Internal.SqlServerExecutionStrategy.ExecuteAsync[TState,TResult](TState state, Func`4 operation, Func`4 verifySucceeded, CancellationToken cancellationToken)
ClientConnectionId:03689a66-f3db-46ff-b05b-26aa16106350
Error Number:10060,State:0,Class:20
   --- End of inner exception stack trace ---
   at Microsoft.EntityFrameworkCore.SqlServer.Storage.Internal.SqlServerExecutionStrategy.ExecuteAsync[TState,TResult](TState state, Func`4 operation, Func`4 verifySucceeded, CancellationToken cancellationToken)
   at Microsoft.EntityFrameworkCore.Query.Internal.SingleQueryingEnumerable`1.AsyncEnumerator.MoveNextAsync()
   at Microsoft.EntityFrameworkCore.Query.ShapedQueryCompilingExpressionVisitor.SingleAsync[TSource](IAsyncEnumerable`1 asyncEnumerable, CancellationToken cancellationToken)
   at Microsoft.EntityFrameworkCore.Query.ShapedQueryCompilingExpressionVisitor.SingleAsync[TSource](IAsyncEnumerable`1 asyncEnumerable, CancellationToken cancellationToken)
   at CASE_STUDY_7_DataAccess.Repositories.TradeBlotteRepo.TradeBlotterRepository.GetTradeBlotterAsync(TradeBlotterRequestDto request, CancellationToken cancellationToken) in D:\CaseStudy\WEB_API\CASE_STUDY_7\CASE_STUDY_7_DataAccess\Repositories\TradeBlotteRepo\TradeBlotterRepository.cs:line 38
   at CASE_STUDY_7.Controllers.TradeBlotterController.GetTradeBlotter(TradeBlotterRequestDto request, CancellationToken cancellationToken) in D:\CaseStudy\WEB_API\CASE_STUDY_7\CASE_STUDY_7\Controllers\TradeBlotterController.cs:line 22
   at Microsoft.AspNetCore.Mvc.Infrastructure.ActionMethodExecutor.TaskOfIActionResultExecutor.Execute(ActionContext actionContext, IActionResultTypeMapper mapper, ObjectMethodExecutor executor, Object controller, Object[] arguments)
   at Microsoft.AspNetCore.Mvc.Infrastructure.ControllerActionInvoker.<InvokeActionMethodAsync>g__Awaited|12_0(ControllerActionInvoker invoker, ValueTask`1 actionResultValueTask)
   at Microsoft.AspNetCore.Mvc.Infrastructure.ControllerActionInvoker.<InvokeNextActionFilterAsync>g__Awaited|10_0(ControllerActionInvoker invoker, Task lastTask, State next, Scope scope, Object state, Boolean isCompleted)
   at Microsoft.AspNetCore.Mvc.Infrastructure.ControllerActionInvoker.Rethrow(ActionExecutedContextSealed context)
   at Microsoft.AspNetCore.Mvc.Infrastructure.ControllerActionInvoker.Next(State& next, Scope& scope, Object& state, Boolean& isCompleted)
   at Microsoft.AspNetCore.Mvc.Infrastructure.ControllerActionInvoker.<InvokeInnerFilterAsync>g__Awaited|13_0(ControllerActionInvoker invoker, Task lastTask, State next, Scope scope, Object state, Boolean isCompleted)
   at Microsoft.AspNetCore.Mvc.Infrastructure.ResourceInvoker.<InvokeFilterPipelineAsync>g__Awaited|20_0(ResourceInvoker invoker, Task lastTask, State next, Scope scope, Object state, Boolean isCompleted)
   at Microsoft.AspNetCore.Mvc.Infrastructure.ResourceInvoker.<InvokeAsync>g__Awaited|17_0(ResourceInvoker invoker, Task task, IDisposable scope)
   at Microsoft.AspNetCore.Mvc.Infrastructure.ResourceInvoker.<InvokeAsync>g__Awaited|17_0(ResourceInvoker invoker, Task task, IDisposable scope)
   at Microsoft.AspNetCore.Authorization.AuthorizationMiddleware.Invoke(HttpContext context)
   at Serilog.AspNetCore.RequestLoggingMiddleware.Invoke(HttpContext httpContext)
2026-08-11 14:30:00.305 +05:30 [ERR] An unhandled exception has occurred while executing the request.
System.InvalidOperationException: An exception has been raised that is likely due to a transient failure. Consider enabling transient error resiliency by adding 'EnableRetryOnFailure' to the 'UseSqlServer' call.
 ---> Microsoft.Data.SqlClient.SqlException (0x80131904): A transport-level error has occurred when receiving results from the server. (provider: TCP Provider, error: 0 - A connection attempt failed because the connected party did not properly respond after a period of time, or established connection failed because connected host has failed to respond.)
 ---> System.ComponentModel.Win32Exception (10060): A connection attempt failed because the connected party did not properly respond after a period of time, or established connection failed because connected host has failed to respond.
   at Microsoft.Data.SqlClient.SqlCommand.<>c.<ExecuteDbDataReaderAsync>b__195_0(Task`1 result)
   at System.Threading.Tasks.ContinuationResultTaskFromResultTask`2.InnerInvoke()
   at System.Threading.ExecutionContext.RunInternal(ExecutionContext executionContext, ContextCallback callback, Object state)
--- End of stack trace from previous location ---
   at System.Threading.ExecutionContext.RunInternal(ExecutionContext executionContext, ContextCallback callback, Object state)
   at System.Threading.Tasks.Task.ExecuteWithThreadLocal(Task& currentTaskSlot, Thread threadPoolThread)
--- End of stack trace from previous location ---
   at Microsoft.EntityFrameworkCore.Storage.RelationalCommand.ExecuteReaderAsync(RelationalCommandParameterObject parameterObject, CancellationToken cancellationToken)
   at Microsoft.EntityFrameworkCore.Storage.RelationalCommand.ExecuteReaderAsync(RelationalCommandParameterObject parameterObject, CancellationToken cancellationToken)
   at Microsoft.EntityFrameworkCore.Query.Internal.SingleQueryingEnumerable`1.AsyncEnumerator.InitializeReaderAsync(AsyncEnumerator enumerator, CancellationToken cancellationToken)
   at Microsoft.EntityFrameworkCore.SqlServer.Storage.Internal.SqlServerExecutionStrategy.ExecuteAsync[TState,TResult](TState state, Func`4 operation, Func`4 verifySucceeded, CancellationToken cancellationToken)
ClientConnectionId:03689a66-f3db-46ff-b05b-26aa16106350
Error Number:10060,State:0,Class:20
   --- End of inner exception stack trace ---
   at Microsoft.EntityFrameworkCore.SqlServer.Storage.Internal.SqlServerExecutionStrategy.ExecuteAsync[TState,TResult](TState state, Func`4 operation, Func`4 verifySucceeded, CancellationToken cancellationToken)
   at Microsoft.EntityFrameworkCore.Query.Internal.SingleQueryingEnumerable`1.AsyncEnumerator.MoveNextAsync()
   at Microsoft.EntityFrameworkCore.Query.ShapedQueryCompilingExpressionVisitor.SingleAsync[TSource](IAsyncEnumerable`1 asyncEnumerable, CancellationToken cancellationToken)
   at Microsoft.EntityFrameworkCore.Query.ShapedQueryCompilingExpressionVisitor.SingleAsync[TSource](IAsyncEnumerable`1 asyncEnumerable, CancellationToken cancellationToken)
   at CASE_STUDY_7_DataAccess.Repositories.TradeBlotteRepo.TradeBlotterRepository.GetTradeBlotterAsync(TradeBlotterRequestDto request, CancellationToken cancellationToken) in D:\CaseStudy\WEB_API\CASE_STUDY_7\CASE_STUDY_7_DataAccess\Repositories\TradeBlotteRepo\TradeBlotterRepository.cs:line 38
   at CASE_STUDY_7.Controllers.TradeBlotterController.GetTradeBlotter(TradeBlotterRequestDto request, CancellationToken cancellationToken) in D:\CaseStudy\WEB_API\CASE_STUDY_7\CASE_STUDY_7\Controllers\TradeBlotterController.cs:line 22
   at Microsoft.AspNetCore.Mvc.Infrastructure.ActionMethodExecutor.TaskOfIActionResultExecutor.Execute(ActionContext actionContext, IActionResultTypeMapper mapper, ObjectMethodExecutor executor, Object controller, Object[] arguments)
   at Microsoft.AspNetCore.Mvc.Infrastructure.ControllerActionInvoker.<InvokeActionMethodAsync>g__Awaited|12_0(ControllerActionInvoker invoker, ValueTask`1 actionResultValueTask)
   at Microsoft.AspNetCore.Mvc.Infrastructure.ControllerActionInvoker.<InvokeNextActionFilterAsync>g__Awaited|10_0(ControllerActionInvoker invoker, Task lastTask, State next, Scope scope, Object state, Boolean isCompleted)
   at Microsoft.AspNetCore.Mvc.Infrastructure.ControllerActionInvoker.Rethrow(ActionExecutedContextSealed context)
   at Microsoft.AspNetCore.Mvc.Infrastructure.ControllerActionInvoker.Next(State& next, Scope& scope, Object& state, Boolean& isCompleted)
   at Microsoft.AspNetCore.Mvc.Infrastructure.ControllerActionInvoker.<InvokeInnerFilterAsync>g__Awaited|13_0(ControllerActionInvoker invoker, Task lastTask, State next, Scope scope, Object state, Boolean isCompleted)
   at Microsoft.AspNetCore.Mvc.Infrastructure.ResourceInvoker.<InvokeFilterPipelineAsync>g__Awaited|20_0(ResourceInvoker invoker, Task lastTask, State next, Scope scope, Object state, Boolean isCompleted)
   at Microsoft.AspNetCore.Mvc.Infrastructure.ResourceInvoker.<InvokeAsync>g__Awaited|17_0(ResourceInvoker invoker, Task task, IDisposable scope)
   at Microsoft.AspNetCore.Mvc.Infrastructure.ResourceInvoker.<InvokeAsync>g__Awaited|17_0(ResourceInvoker invoker, Task task, IDisposable scope)
   at Microsoft.AspNetCore.Authorization.AuthorizationMiddleware.Invoke(HttpContext context)
   at Serilog.AspNetCore.RequestLoggingMiddleware.Invoke(HttpContext httpContext)
   at Swashbuckle.AspNetCore.SwaggerUI.SwaggerUIMiddleware.Invoke(HttpContext httpContext)
   at Swashbuckle.AspNetCore.Swagger.SwaggerMiddleware.Invoke(HttpContext httpContext, ISwaggerProvider swaggerProvider)
   at Microsoft.AspNetCore.Authentication.AuthenticationMiddleware.Invoke(HttpContext context)
   at Microsoft.AspNetCore.Diagnostics.DeveloperExceptionPageMiddlewareImpl.Invoke(HttpContext context)
2026-08-11 14:30:11.527 +05:30 [INF] Fetched 10 trade items for Page 1 (Total records matching filter: 304)
2026-08-11 14:30:11.576 +05:30 [INF] HTTP GET /api/TradeBlotter responded 200 in 208.1674 ms
2026-08-11 14:30:11.576 +05:30 [INF] HTTP GET /api/Security responded 200 in 208.1629 ms
2026-08-11 14:30:11.655 +05:30 [INF] HTTP GET /api/Trader responded 200 in 33.5209 ms
2026-08-11 14:30:14.942 +05:30 [INF] HTTP GET /api/Security responded 200 in 33.0555 ms
2026-08-11 14:30:14.973 +05:30 [INF] Fetched 10 trade items for Page 1 (Total records matching filter: 304)
2026-08-11 14:30:14.974 +05:30 [INF] HTTP GET /api/Security responded 200 in 30.4445 ms
2026-08-11 14:30:14.975 +05:30 [INF] HTTP GET /api/TradeBlotter responded 200 in 63.8247 ms
2026-08-11 14:30:15.035 +05:30 [INF] Fetched 10 trade items for Page 1 (Total records matching filter: 304)
2026-08-11 14:30:15.038 +05:30 [INF] HTTP GET /api/TradeBlotter responded 200 in 61.2424 ms
2026-08-11 14:30:15.092 +05:30 [INF] HTTP GET /api/Trader responded 200 in 145.4560 ms
2026-08-11 14:30:15.125 +05:30 [INF] HTTP GET /api/Trader responded 200 in 30.7844 ms
2026-08-11 14:30:23.598 +05:30 [INF] Fetched 10 trade items for Page 1 (Total records matching filter: 253)
2026-08-11 14:30:23.600 +05:30 [INF] HTTP GET /api/TradeBlotter responded 200 in 71.9693 ms
2026-08-11 14:30:35.820 +05:30 [INF] Fetched 10 trade items for Page 1 (Total records matching filter: 57)
2026-08-11 14:30:35.824 +05:30 [INF] HTTP GET /api/TradeBlotter responded 200 in 134.8195 ms
2026-08-11 14:30:39.771 +05:30 [WRN] The query uses the 'First'/'FirstOrDefault' operator without 'OrderBy' and filter operators. This may lead to unpredictable results.
2026-08-11 14:30:39.948 +05:30 [INF] Computed Trade Blotter Analytics. Total Volume: ¤8,106,227.08, Total Trades: 57
2026-08-11 14:30:39.960 +05:30 [INF] HTTP GET /api/TradeBlotter/analytics responded 200 in 242.3259 ms
2026-08-11 14:30:40.054 +05:30 [INF] Computed Trade Blotter Analytics. Total Volume: ¤8,106,227.08, Total Trades: 57
2026-08-11 14:30:40.056 +05:30 [INF] HTTP GET /api/TradeBlotter/analytics responded 200 in 93.3268 ms
2026-08-11 14:31:02.176 +05:30 [INF] Fetched 10 trade items for Page 1 (Total records matching filter: 57)
2026-08-11 14:31:02.179 +05:30 [INF] HTTP GET /api/TradeBlotter responded 200 in 66.4913 ms
2026-08-11 14:31:12.932 +05:30 [INF] Computed Trade Blotter Analytics. Total Volume: ¤8,106,227.08, Total Trades: 57
2026-08-11 14:31:12.934 +05:30 [INF] HTTP GET /api/TradeBlotter/analytics responded 200 in 101.7747 ms
2026-08-11 14:31:13.028 +05:30 [INF] Computed Trade Blotter Analytics. Total Volume: ¤8,106,227.08, Total Trades: 57
2026-08-11 14:31:13.030 +05:30 [INF] HTTP GET /api/TradeBlotter/analytics responded 200 in 92.7651 ms
2026-08-11 14:31:13.639 +05:30 [INF] Fetched 10 trade items for Page 1 (Total records matching filter: 57)
2026-08-11 14:31:13.642 +05:30 [INF] HTTP GET /api/TradeBlotter responded 200 in 64.9893 ms
2026-08-11 14:31:22.019 +05:30 [INF] Fetched 10 trade items for Page 1 (Total records matching filter: 253)
2026-08-11 14:31:22.022 +05:30 [INF] HTTP GET /api/TradeBlotter responded 200 in 62.7302 ms
2026-08-11 14:31:25.873 +05:30 [INF] Fetched 10 trade items for Page 1 (Total records matching filter: 291)
2026-08-11 14:31:25.876 +05:30 [INF] HTTP GET /api/TradeBlotter responded 200 in 63.7841 ms
2026-08-11 14:31:30.829 +05:30 [INF] Fetched 10 trade items for Page 1 (Total records matching filter: 157)
2026-08-11 14:31:30.832 +05:30 [INF] HTTP GET /api/TradeBlotter responded 200 in 107.2170 ms
2026-08-11 14:31:33.516 +05:30 [INF] Fetched 10 trade items for Page 1 (Total records matching filter: 304)
2026-08-11 14:31:33.519 +05:30 [INF] HTTP GET /api/TradeBlotter responded 200 in 62.5678 ms
2026-08-11 16:25:38.599 +05:30 [INF] HTTP GET /api/Security responded 200 in 126.8605 ms
2026-08-11 16:25:38.666 +05:30 [INF] Fetched 10 trade items for Page 1 (Total records matching filter: 304)
2026-08-11 16:25:38.671 +05:30 [INF] HTTP GET /api/TradeBlotter responded 200 in 199.2512 ms
2026-08-11 16:25:38.733 +05:30 [INF] Fetched 10 trade items for Page 1 (Total records matching filter: 304)
2026-08-11 16:25:38.735 +05:30 [INF] HTTP GET /api/TradeBlotter responded 200 in 62.5755 ms
2026-08-11 16:25:38.752 +05:30 [INF] HTTP GET /api/Security responded 200 in 151.5006 ms
2026-08-11 16:25:38.866 +05:30 [INF] HTTP GET /api/Trader responded 200 in 229.3942 ms
2026-08-11 16:25:38.898 +05:30 [INF] HTTP GET /api/Trader responded 200 in 30.0239 ms
2026-08-11 16:25:41.378 +05:30 [INF] HTTP GET /api/Security responded 200 in 33.1837 ms
2026-08-11 16:25:41.410 +05:30 [INF] HTTP GET /api/Security responded 200 in 29.9977 ms
2026-08-11 16:25:42.967 +05:30 [INF] HTTP OPTIONS /api/PnL/summary responded 204 in 0.7228 ms
2026-08-11 16:25:43.046 +05:30 [INF] Rolling forward PnL state for BD01 from "2026-02-02" to "2026-03-31"...
2026-08-11 16:25:43.057 +05:30 [INF] Rolling forward PnL state for BD02 from "2026-02-02" to "2026-03-31"...
2026-08-11 16:25:43.060 +05:30 [INF] Rolling forward PnL state for BD03 from "2026-02-02" to "2026-03-31"...
2026-08-11 16:25:43.064 +05:30 [INF] Rolling forward PnL state for EQ01 from "2026-02-02" to "2026-03-31"...
2026-08-11 16:25:43.069 +05:30 [INF] Rolling forward PnL state for EQ02 from "2026-02-02" to "2026-03-31"...
2026-08-11 16:25:43.073 +05:30 [INF] Rolling forward PnL state for EQ03 from "2026-02-02" to "2026-03-31"...
2026-08-11 16:25:43.075 +05:30 [INF] Rolling forward PnL state for EQ04 from "2026-02-02" to "2026-03-31"...
2026-08-11 16:25:43.078 +05:30 [INF] Rolling forward PnL state for EQ05 from "2026-02-02" to "2026-03-31"...
2026-08-11 16:25:43.081 +05:30 [INF] Rolling forward PnL state for ET01 from "2026-02-02" to "2026-03-31"...
2026-08-11 16:25:43.083 +05:30 [INF] Rolling forward PnL state for ET02 from "2026-02-02" to "2026-03-31"...
2026-08-11 16:25:43.085 +05:30 [INF] Rolling forward PnL state for ET03 from "2026-02-02" to "2026-03-31"...
2026-08-11 16:25:43.089 +05:30 [INF] Successfully cached daily snapshots for SecurityId: BD01 up to "2026-03-31"
2026-08-11 16:25:43.089 +05:30 [INF] Successfully cached daily snapshots for SecurityId: BD02 up to "2026-03-31"
2026-08-11 16:25:43.091 +05:30 [INF] Successfully cached daily snapshots for SecurityId: BD03 up to "2026-03-31"
2026-08-11 16:25:43.116 +05:30 [INF] Successfully cached daily snapshots for SecurityId: ET03 up to "2026-03-31"
2026-08-11 16:25:43.212 +05:30 [INF] Successfully cached daily snapshots for SecurityId: EQ01 up to "2026-03-31"
2026-08-11 16:25:43.213 +05:30 [INF] Successfully cached daily snapshots for SecurityId: EQ03 up to "2026-03-31"
2026-08-11 16:25:43.213 +05:30 [INF] Successfully cached daily snapshots for SecurityId: EQ02 up to "2026-03-31"
2026-08-11 16:25:43.215 +05:30 [INF] Successfully cached daily snapshots for SecurityId: EQ04 up to "2026-03-31"
2026-08-11 16:25:43.326 +05:30 [INF] Successfully cached daily snapshots for SecurityId: ET02 up to "2026-03-31"
2026-08-11 16:25:43.327 +05:30 [INF] Successfully cached daily snapshots for SecurityId: ET01 up to "2026-03-31"
2026-08-11 16:25:43.328 +05:30 [INF] Successfully cached daily snapshots for SecurityId: EQ05 up to "2026-03-31"
2026-08-11 16:25:43.331 +05:30 [INF] HTTP GET /api/PnL/summary responded 200 in 360.8226 ms
2026-08-11 16:26:35.477 +05:30 [INF] HTTP GET /api/Security responded 200 in 31.0620 ms
2026-08-11 16:26:35.509 +05:30 [INF] HTTP GET /api/Security responded 200 in 30.3569 ms
2026-08-11 16:28:20.480 +05:30 [INF] HTTP GET /api/Security responded 200 in 30.6342 ms
2026-08-11 16:28:25.156 +05:30 [INF] HTTP OPTIONS /api/PnL/summary responded 204 in 0.1521 ms
2026-08-11 16:28:25.220 +05:30 [INF] CACHE HIT | Position state found in memory for SecurityId: BD01 as of "2026-03-31"
2026-08-11 16:28:25.221 +05:30 [INF] CACHE HIT | Position state found in memory for SecurityId: BD02 as of "2026-03-31"
2026-08-11 16:28:25.222 +05:30 [INF] CACHE HIT | Position state found in memory for SecurityId: BD03 as of "2026-03-31"
2026-08-11 16:28:25.222 +05:30 [INF] CACHE HIT | Position state found in memory for SecurityId: EQ01 as of "2026-03-31"
2026-08-11 16:28:25.224 +05:30 [INF] CACHE HIT | Position state found in memory for SecurityId: EQ02 as of "2026-03-31"
2026-08-11 16:28:25.225 +05:30 [INF] CACHE HIT | Position state found in memory for SecurityId: EQ03 as of "2026-03-31"
2026-08-11 16:28:25.226 +05:30 [INF] CACHE HIT | Position state found in memory for SecurityId: EQ04 as of "2026-03-31"
2026-08-11 16:28:25.227 +05:30 [INF] CACHE HIT | Position state found in memory for SecurityId: EQ05 as of "2026-03-31"
2026-08-11 16:28:25.228 +05:30 [INF] CACHE HIT | Position state found in memory for SecurityId: ET01 as of "2026-03-31"
2026-08-11 16:28:25.229 +05:30 [INF] CACHE HIT | Position state found in memory for SecurityId: ET02 as of "2026-03-31"
2026-08-11 16:28:25.230 +05:30 [INF] CACHE HIT | Position state found in memory for SecurityId: ET03 as of "2026-03-31"
2026-08-11 16:28:25.231 +05:30 [INF] HTTP GET /api/PnL/summary responded 200 in 72.1255 ms
2026-08-11 16:31:54.338 +05:30 [INF] HTTP GET /api/Security responded 200 in 170.7947 ms
2026-08-11 16:31:54.373 +05:30 [INF] HTTP GET /api/Security responded 200 in 34.0331 ms
2026-08-11 16:31:55.823 +05:30 [INF] HTTP OPTIONS /api/PnL/summary responded 204 in 0.0735 ms
2026-08-11 16:31:55.891 +05:30 [INF] CACHE HIT | Position state found in memory for SecurityId: BD01 as of "2026-03-31"
2026-08-11 16:31:55.892 +05:30 [INF] CACHE HIT | Position state found in memory for SecurityId: BD02 as of "2026-03-31"
2026-08-11 16:31:55.893 +05:30 [INF] CACHE HIT | Position state found in memory for SecurityId: BD03 as of "2026-03-31"
2026-08-11 16:31:55.894 +05:30 [INF] CACHE HIT | Position state found in memory for SecurityId: EQ01 as of "2026-03-31"
2026-08-11 16:31:55.895 +05:30 [INF] CACHE HIT | Position state found in memory for SecurityId: EQ02 as of "2026-03-31"
2026-08-11 16:31:55.896 +05:30 [INF] CACHE HIT | Position state found in memory for SecurityId: EQ03 as of "2026-03-31"
2026-08-11 16:31:55.897 +05:30 [INF] CACHE HIT | Position state found in memory for SecurityId: EQ04 as of "2026-03-31"
2026-08-11 16:31:55.897 +05:30 [INF] CACHE HIT | Position state found in memory for SecurityId: EQ05 as of "2026-03-31"
2026-08-11 16:31:55.898 +05:30 [INF] CACHE HIT | Position state found in memory for SecurityId: ET01 as of "2026-03-31"
2026-08-11 16:31:55.899 +05:30 [INF] CACHE HIT | Position state found in memory for SecurityId: ET02 as of "2026-03-31"
2026-08-11 16:31:55.900 +05:30 [INF] CACHE HIT | Position state found in memory for SecurityId: ET03 as of "2026-03-31"
2026-08-11 16:31:55.901 +05:30 [INF] HTTP GET /api/PnL/summary responded 200 in 75.5222 ms
2026-08-11 16:31:55.939 +05:30 [INF] HTTP OPTIONS /hubs/pnl/negotiate responded 204 in 0.1402 ms
2026-08-11 16:31:55.950 +05:30 [INF] HTTP POST /hubs/pnl/negotiate responded 200 in 3.8625 ms
2026-08-11 16:31:59.496 +05:30 [INF] HTTP CONNECT /hubs/pnl responded 200 in 3534.4744 ms
2026-08-11 16:31:59.521 +05:30 [INF] HTTP GET /api/Security responded 200 in 31.3166 ms
2026-08-11 16:31:59.554 +05:30 [INF] HTTP GET /api/Security responded 200 in 31.5631 ms
2026-08-11 16:32:01.905 +05:30 [INF] HTTP GET /api/Security responded 200 in 29.8427 ms
2026-08-11 16:32:01.936 +05:30 [INF] HTTP GET /api/Security responded 200 in 29.6601 ms
2026-08-11 16:32:02.030 +05:30 [INF] HTTP GET /api/Trader responded 200 in 119.9278 ms
2026-08-11 16:32:02.067 +05:30 [INF] HTTP GET /api/Trader responded 200 in 34.1285 ms
2026-08-11 16:32:02.068 +05:30 [INF] Fetched 10 trade items for Page 1 (Total records matching filter: 304)
2026-08-11 16:32:02.070 +05:30 [INF] HTTP GET /api/TradeBlotter responded 200 in 191.0503 ms
2026-08-11 16:32:02.130 +05:30 [INF] Fetched 10 trade items for Page 1 (Total records matching filter: 304)
2026-08-11 16:32:02.132 +05:30 [INF] HTTP GET /api/TradeBlotter responded 200 in 60.5631 ms
2026-08-11 16:54:10.817 +05:30 [INF] HTTP GET /api/Security responded 200 in 117.0864 ms
2026-08-11 16:54:10.851 +05:30 [INF] HTTP GET /api/Security responded 200 in 33.7824 ms
2026-08-11 16:54:10.886 +05:30 [INF] HTTP GET /api/Trader responded 200 in 42.8468 ms
2026-08-11 16:54:10.917 +05:30 [INF] HTTP GET /api/Trader responded 200 in 29.9670 ms
2026-08-11 16:54:10.997 +05:30 [INF] Fetched 10 trade items for Page 1 (Total records matching filter: 304)
2026-08-11 16:54:11.002 +05:30 [INF] HTTP GET /api/TradeBlotter responded 200 in 303.9377 ms
2026-08-11 16:54:11.068 +05:30 [INF] Fetched 10 trade items for Page 1 (Total records matching filter: 304)
2026-08-11 16:54:11.069 +05:30 [INF] HTTP GET /api/TradeBlotter responded 200 in 65.2154 ms
2026-08-11 17:00:18.808 +05:30 [INF] HTTP GET /api/Security responded 200 in 150.9821 ms
2026-08-11 17:00:18.840 +05:30 [INF] HTTP GET /api/Security responded 200 in 30.4764 ms
2026-08-11 17:00:19.819 +05:30 [INF] HTTP OPTIONS /api/PnL/summary responded 204 in 1.0279 ms
2026-08-11 17:00:19.901 +05:30 [INF] Rolling forward PnL state for BD01 from "2026-02-02" to "2026-03-31"...
2026-08-11 17:00:19.911 +05:30 [INF] Rolling forward PnL state for BD02 from "2026-02-02" to "2026-03-31"...
2026-08-11 17:00:19.915 +05:30 [INF] Rolling forward PnL state for BD03 from "2026-02-02" to "2026-03-31"...
2026-08-11 17:00:19.918 +05:30 [INF] Rolling forward PnL state for EQ01 from "2026-02-02" to "2026-03-31"...
2026-08-11 17:00:19.920 +05:30 [INF] Rolling forward PnL state for EQ02 from "2026-02-02" to "2026-03-31"...
2026-08-11 17:00:19.923 +05:30 [INF] Rolling forward PnL state for EQ03 from "2026-02-02" to "2026-03-31"...
2026-08-11 17:00:19.925 +05:30 [INF] Rolling forward PnL state for EQ04 from "2026-02-02" to "2026-03-31"...
2026-08-11 17:00:19.928 +05:30 [INF] Rolling forward PnL state for EQ05 from "2026-02-02" to "2026-03-31"...
2026-08-11 17:00:19.930 +05:30 [INF] Rolling forward PnL state for ET01 from "2026-02-02" to "2026-03-31"...
2026-08-11 17:00:19.933 +05:30 [INF] Rolling forward PnL state for ET02 from "2026-02-02" to "2026-03-31"...
2026-08-11 17:00:19.935 +05:30 [INF] Rolling forward PnL state for ET03 from "2026-02-02" to "2026-03-31"...
2026-08-11 17:00:19.943 +05:30 [INF] Successfully cached daily snapshots for SecurityId: BD01 up to "2026-03-31"
2026-08-11 17:00:20.058 +05:30 [INF] Successfully cached daily snapshots for SecurityId: BD03 up to "2026-03-31"
2026-08-11 17:00:20.058 +05:30 [INF] Successfully cached daily snapshots for SecurityId: BD02 up to "2026-03-31"
2026-08-11 17:00:20.171 +05:30 [INF] Successfully cached daily snapshots for SecurityId: EQ02 up to "2026-03-31"
2026-08-11 17:00:20.171 +05:30 [INF] Successfully cached daily snapshots for SecurityId: EQ03 up to "2026-03-31"
2026-08-11 17:00:20.171 +05:30 [INF] Successfully cached daily snapshots for SecurityId: EQ01 up to "2026-03-31"
2026-08-11 17:00:20.284 +05:30 [INF] Successfully cached daily snapshots for SecurityId: EQ04 up to "2026-03-31"
2026-08-11 17:00:20.285 +05:30 [INF] Successfully cached daily snapshots for SecurityId: ET02 up to "2026-03-31"
2026-08-11 17:00:20.287 +05:30 [INF] Successfully cached daily snapshots for SecurityId: EQ05 up to "2026-03-31"
2026-08-11 17:00:20.284 +05:30 [INF] Successfully cached daily snapshots for SecurityId: ET01 up to "2026-03-31"
2026-08-11 17:00:20.397 +05:30 [INF] Successfully cached daily snapshots for SecurityId: ET03 up to "2026-03-31"
2026-08-11 17:00:20.400 +05:30 [INF] HTTP GET /api/PnL/summary responded 200 in 578.2067 ms
2026-08-11 17:00:22.625 +05:30 [INF] HTTP OPTIONS /api/PnL/timeseries responded 204 in 0.1674 ms
2026-08-11 17:00:22.625 +05:30 [INF] HTTP OPTIONS /api/PnL/timeseries responded 204 in 0.1850 ms
2026-08-11 17:00:24.456 +05:30 [INF] HTTP GET /api/PnL/timeseries responded 200 in 1827.9675 ms
2026-08-11 17:00:26.152 +05:30 [INF] HTTP GET /api/PnL/timeseries responded 200 in 1696.7118 ms
2026-08-11 17:00:45.076 +05:30 [INF] HTTP GET /api/Security responded 200 in 29.7255 ms
2026-08-11 17:00:45.107 +05:30 [INF] HTTP GET /api/Security responded 200 in 29.4556 ms
2026-08-11 17:01:01.919 +05:30 [INF] HTTP GET /api/Security responded 200 in 29.3463 ms
2026-08-11 17:01:01.951 +05:30 [INF] HTTP GET /api/Security responded 200 in 29.3062 ms
2026-08-11 17:01:01.958 +05:30 [INF] HTTP GET /api/Trader responded 200 in 33.7069 ms
2026-08-11 17:01:01.959 +05:30 [INF] Fetched 10 trade items for Page 1 (Total records matching filter: 304)
2026-08-11 17:01:01.963 +05:30 [INF] HTTP GET /api/TradeBlotter responded 200 in 69.3388 ms
2026-08-11 17:01:01.988 +05:30 [INF] HTTP GET /api/Trader responded 200 in 29.0097 ms
2026-08-11 17:01:02.022 +05:30 [INF] Fetched 10 trade items for Page 1 (Total records matching filter: 304)
2026-08-11 17:01:02.024 +05:30 [INF] HTTP GET /api/TradeBlotter responded 200 in 60.2149 ms
2026-08-11 17:02:10.423 +05:30 [INF] HTTP GET /api/Security responded 200 in 33.3390 ms
2026-08-11 17:02:10.454 +05:30 [INF] Fetched 10 trade items for Page 1 (Total records matching filter: 304)
2026-08-11 17:02:10.455 +05:30 [INF] HTTP GET /api/TradeBlotter responded 200 in 62.1382 ms
2026-08-11 17:02:10.457 +05:30 [INF] HTTP GET /api/Security responded 200 in 30.7864 ms
2026-08-11 17:02:10.461 +05:30 [INF] HTTP GET /api/Trader responded 200 in 31.6910 ms
2026-08-11 17:02:10.516 +05:30 [INF] Fetched 10 trade items for Page 1 (Total records matching filter: 304)
2026-08-11 17:02:10.517 +05:30 [INF] HTTP GET /api/Trader responded 200 in 28.4689 ms
2026-08-11 17:02:10.518 +05:30 [INF] HTTP GET /api/TradeBlotter responded 200 in 61.0777 ms
2026-08-11 17:02:23.557 +05:30 [INF] HTTP GET /api/Security responded 200 in 30.0773 ms
2026-08-11 17:02:23.589 +05:30 [INF] Fetched 10 trade items for Page 1 (Total records matching filter: 304)
2026-08-11 17:02:23.590 +05:30 [INF] HTTP GET /api/Security responded 200 in 31.4714 ms
2026-08-11 17:02:23.591 +05:30 [INF] HTTP GET /api/TradeBlotter responded 200 in 61.0315 ms
2026-08-11 17:02:23.590 +05:30 [INF] HTTP GET /api/Trader responded 200 in 28.9080 ms
2026-08-11 17:02:23.626 +05:30 [INF] HTTP GET /api/Trader responded 200 in 30.5036 ms
2026-08-11 17:02:23.652 +05:30 [INF] Fetched 10 trade items for Page 1 (Total records matching filter: 304)
2026-08-11 17:02:23.653 +05:30 [INF] HTTP GET /api/TradeBlotter responded 200 in 60.5128 ms
2026-08-11 17:03:14.858 +05:30 [INF] HTTP GET /api/Security responded 200 in 31.4284 ms
2026-08-11 17:03:14.891 +05:30 [INF] HTTP GET /api/Security responded 200 in 30.9009 ms
2026-08-11 17:03:14.891 +05:30 [INF] Fetched 10 trade items for Page 1 (Total records matching filter: 304)
2026-08-11 17:03:14.894 +05:30 [INF] HTTP GET /api/TradeBlotter responded 200 in 65.1949 ms
2026-08-11 17:03:14.894 +05:30 [INF] HTTP GET /api/Trader responded 200 in 31.3905 ms
2026-08-11 17:03:14.925 +05:30 [INF] HTTP GET /api/Trader responded 200 in 29.5354 ms
2026-08-11 17:03:14.954 +05:30 [INF] Fetched 10 trade items for Page 1 (Total records matching filter: 304)
2026-08-11 17:03:14.955 +05:30 [INF] HTTP GET /api/TradeBlotter responded 200 in 60.2517 ms
2026-08-11 17:45:28.335 +05:30 [INF] Fetched 0 trade items for Page 1 (Total records matching filter: 0)
2026-08-11 17:45:28.368 +05:30 [INF] HTTP GET /api/TradeBlotter responded 200 in 364.7446 ms
2026-08-11 17:45:30.614 +05:30 [INF] Fetched 0 trade items for Page 1 (Total records matching filter: 0)
2026-08-11 17:45:30.616 +05:30 [INF] HTTP GET /api/TradeBlotter responded 200 in 130.7769 ms
2026-08-11 17:45:53.789 +05:30 [INF] HTTP GET /api/Security responded 200 in 47.5601 ms
2026-08-11 17:45:53.824 +05:30 [INF] HTTP GET /api/Security responded 200 in 33.3918 ms
2026-08-11 17:46:02.854 +05:30 [INF] HTTP OPTIONS /api/PnL/summary responded 204 in 0.6853 ms
2026-08-11 17:46:02.932 +05:30 [INF] Rolling forward PnL state for BD01 from "2026-02-02" to "2026-01-09"...
2026-08-11 17:46:02.942 +05:30 [INF] Rolling forward PnL state for BD02 from "2026-02-02" to "2026-01-09"...
2026-08-11 17:46:02.946 +05:30 [INF] Rolling forward PnL state for BD03 from "2026-02-02" to "2026-01-09"...
2026-08-11 17:46:02.950 +05:30 [INF] Rolling forward PnL state for EQ01 from "2026-02-02" to "2026-01-09"...
2026-08-11 17:46:02.953 +05:30 [INF] Rolling forward PnL state for EQ02 from "2026-02-02" to "2026-01-09"...
2026-08-11 17:46:02.955 +05:30 [INF] Rolling forward PnL state for EQ03 from "2026-02-02" to "2026-01-09"...
2026-08-11 17:46:02.957 +05:30 [INF] Rolling forward PnL state for EQ04 from "2026-02-02" to "2026-01-09"...
2026-08-11 17:46:02.959 +05:30 [INF] Rolling forward PnL state for EQ05 from "2026-02-02" to "2026-01-09"...
2026-08-11 17:46:02.961 +05:30 [INF] Rolling forward PnL state for ET01 from "2026-02-02" to "2026-01-09"...
2026-08-11 17:46:02.963 +05:30 [INF] Rolling forward PnL state for ET02 from "2026-02-02" to "2026-01-09"...
2026-08-11 17:46:02.966 +05:30 [INF] Rolling forward PnL state for ET03 from "2026-02-02" to "2026-01-09"...
2026-08-11 17:46:02.972 +05:30 [INF] Successfully cached daily snapshots for SecurityId: BD01 up to "2026-01-09"
2026-08-11 17:46:03.089 +05:30 [INF] Successfully cached daily snapshots for SecurityId: BD03 up to "2026-01-09"
2026-08-11 17:46:03.089 +05:30 [INF] Successfully cached daily snapshots for SecurityId: BD02 up to "2026-01-09"
2026-08-11 17:46:03.202 +05:30 [INF] Successfully cached daily snapshots for SecurityId: EQ03 up to "2026-01-09"
2026-08-11 17:46:03.203 +05:30 [INF] Successfully cached daily snapshots for SecurityId: EQ01 up to "2026-01-09"
2026-08-11 17:46:03.203 +05:30 [INF] Successfully cached daily snapshots for SecurityId: EQ02 up to "2026-01-09"
2026-08-11 17:46:03.315 +05:30 [INF] Successfully cached daily snapshots for SecurityId: EQ04 up to "2026-01-09"
2026-08-11 17:46:03.315 +05:30 [INF] Successfully cached daily snapshots for SecurityId: ET02 up to "2026-01-09"
2026-08-11 17:46:03.316 +05:30 [INF] Successfully cached daily snapshots for SecurityId: ET01 up to "2026-01-09"
2026-08-11 17:46:03.317 +05:30 [INF] Successfully cached daily snapshots for SecurityId: EQ05 up to "2026-01-09"
2026-08-11 17:46:03.429 +05:30 [INF] Successfully cached daily snapshots for SecurityId: ET03 up to "2026-01-09"
2026-08-11 17:46:03.433 +05:30 [INF] HTTP GET /api/PnL/summary responded 200 in 576.2853 ms
2026-08-11 17:47:01.543 +05:30 [INF] HTTP OPTIONS /api/PnL/summary responded 204 in 0.1021 ms
2026-08-11 17:47:01.607 +05:30 [INF] Rolling forward PnL state for BD01 from "2026-02-02" to "2026-01-09"...
2026-08-11 17:47:01.610 +05:30 [INF] Rolling forward PnL state for BD02 from "2026-02-02" to "2026-01-09"...
2026-08-11 17:47:01.612 +05:30 [INF] Rolling forward PnL state for BD03 from "2026-02-02" to "2026-01-09"...
2026-08-11 17:47:01.615 +05:30 [INF] Rolling forward PnL state for EQ01 from "2026-02-02" to "2026-01-09"...
2026-08-11 17:47:01.618 +05:30 [INF] Rolling forward PnL state for EQ02 from "2026-02-02" to "2026-01-09"...
2026-08-11 17:47:01.621 +05:30 [INF] Rolling forward PnL state for EQ03 from "2026-02-02" to "2026-01-09"...
2026-08-11 17:47:01.625 +05:30 [INF] Rolling forward PnL state for EQ04 from "2026-02-02" to "2026-01-09"...
2026-08-11 17:47:01.629 +05:30 [INF] Rolling forward PnL state for EQ05 from "2026-02-02" to "2026-01-09"...
2026-08-11 17:47:01.631 +05:30 [INF] Rolling forward PnL state for ET01 from "2026-02-02" to "2026-01-09"...
2026-08-11 17:47:01.633 +05:30 [INF] Rolling forward PnL state for ET02 from "2026-02-02" to "2026-01-09"...
2026-08-11 17:47:01.636 +05:30 [INF] Rolling forward PnL state for ET03 from "2026-02-02" to "2026-01-09"...
2026-08-11 17:47:01.638 +05:30 [INF] Successfully cached daily snapshots for SecurityId: BD01 up to "2026-01-09"
2026-08-11 17:47:01.639 +05:30 [INF] Successfully cached daily snapshots for SecurityId: BD02 up to "2026-01-09"
2026-08-11 17:47:01.641 +05:30 [INF] Successfully cached daily snapshots for SecurityId: BD03 up to "2026-01-09"
2026-08-11 17:47:01.644 +05:30 [INF] Successfully cached daily snapshots for SecurityId: EQ01 up to "2026-01-09"
2026-08-11 17:47:01.648 +05:30 [INF] Successfully cached daily snapshots for SecurityId: EQ02 up to "2026-01-09"
2026-08-11 17:47:01.769 +05:30 [INF] Successfully cached daily snapshots for SecurityId: EQ05 up to "2026-01-09"
2026-08-11 17:47:01.769 +05:30 [INF] Successfully cached daily snapshots for SecurityId: ET02 up to "2026-01-09"
2026-08-11 17:47:01.769 +05:30 [INF] Successfully cached daily snapshots for SecurityId: EQ04 up to "2026-01-09"
2026-08-11 17:47:01.771 +05:30 [INF] Successfully cached daily snapshots for SecurityId: ET01 up to "2026-01-09"
2026-08-11 17:47:01.770 +05:30 [INF] Successfully cached daily snapshots for SecurityId: ET03 up to "2026-01-09"
2026-08-11 17:47:01.770 +05:30 [INF] Successfully cached daily snapshots for SecurityId: EQ03 up to "2026-01-09"
2026-08-11 17:47:01.776 +05:30 [INF] HTTP GET /api/PnL/summary responded 200 in 227.4531 ms
2026-08-11 17:47:33.949 +05:30 [INF] HTTP OPTIONS /api/PnL/summary responded 204 in 0.1283 ms
2026-08-11 17:47:34.013 +05:30 [INF] Rolling forward PnL state for BD01 from "2026-02-02" to "2026-03-31"...
2026-08-11 17:47:34.017 +05:30 [INF] Rolling forward PnL state for BD02 from "2026-02-02" to "2026-03-31"...
2026-08-11 17:47:34.021 +05:30 [INF] Rolling forward PnL state for BD03 from "2026-02-02" to "2026-03-31"...
2026-08-11 17:47:34.024 +05:30 [INF] Rolling forward PnL state for EQ01 from "2026-02-02" to "2026-03-31"...
2026-08-11 17:47:34.027 +05:30 [INF] Rolling forward PnL state for EQ02 from "2026-02-02" to "2026-03-31"...
2026-08-11 17:47:34.030 +05:30 [INF] Rolling forward PnL state for EQ03 from "2026-02-02" to "2026-03-31"...
2026-08-11 17:47:34.032 +05:30 [INF] Rolling forward PnL state for EQ04 from "2026-02-02" to "2026-03-31"...
2026-08-11 17:47:34.035 +05:30 [INF] Rolling forward PnL state for EQ05 from "2026-02-02" to "2026-03-31"...
2026-08-11 17:47:34.038 +05:30 [INF] Rolling forward PnL state for ET01 from "2026-02-02" to "2026-03-31"...
2026-08-11 17:47:34.040 +05:30 [INF] Rolling forward PnL state for ET02 from "2026-02-02" to "2026-03-31"...
2026-08-11 17:47:34.042 +05:30 [INF] Rolling forward PnL state for ET03 from "2026-02-02" to "2026-03-31"...
2026-08-11 17:47:34.047 +05:30 [INF] Successfully cached daily snapshots for SecurityId: BD01 up to "2026-03-31"
2026-08-11 17:47:34.048 +05:30 [INF] Successfully cached daily snapshots for SecurityId: BD02 up to "2026-03-31"
2026-08-11 17:47:34.051 +05:30 [INF] Successfully cached daily snapshots for SecurityId: BD03 up to "2026-03-31"
2026-08-11 17:47:34.054 +05:30 [INF] Successfully cached daily snapshots for SecurityId: EQ01 up to "2026-03-31"
2026-08-11 17:47:34.057 +05:30 [INF] Successfully cached daily snapshots for SecurityId: EQ02 up to "2026-03-31"
2026-08-11 17:47:34.060 +05:30 [INF] Successfully cached daily snapshots for SecurityId: EQ03 up to "2026-03-31"
2026-08-11 17:47:34.179 +05:30 [INF] Successfully cached daily snapshots for SecurityId: EQ05 up to "2026-03-31"
2026-08-11 17:47:34.179 +05:30 [INF] Successfully cached daily snapshots for SecurityId: ET01 up to "2026-03-31"
2026-08-11 17:47:34.181 +05:30 [INF] Successfully cached daily snapshots for SecurityId: ET02 up to "2026-03-31"
2026-08-11 17:47:34.181 +05:30 [INF] Successfully cached daily snapshots for SecurityId: ET03 up to "2026-03-31"
2026-08-11 17:47:34.179 +05:30 [INF] Successfully cached daily snapshots for SecurityId: EQ04 up to "2026-03-31"
2026-08-11 17:47:34.188 +05:30 [INF] HTTP GET /api/PnL/summary responded 200 in 234.0790 ms
2026-08-11 17:49:33.299 +05:30 [INF] HTTP OPTIONS /api/PnL/summary responded 204 in 0.9043 ms
2026-08-11 17:49:33.365 +05:30 [INF] Rolling forward PnL state for BD01 from "2026-04-01" to "2026-08-11"...
2026-08-11 17:49:33.369 +05:30 [INF] Rolling forward PnL state for BD02 from "2026-04-01" to "2026-08-11"...
2026-08-11 17:49:33.371 +05:30 [INF] Rolling forward PnL state for BD03 from "2026-04-01" to "2026-08-11"...
2026-08-11 17:49:33.373 +05:30 [INF] Rolling forward PnL state for EQ01 from "2026-04-01" to "2026-08-11"...
2026-08-11 17:49:33.375 +05:30 [INF] Rolling forward PnL state for EQ02 from "2026-04-01" to "2026-08-11"...
2026-08-11 17:49:33.377 +05:30 [INF] Rolling forward PnL state for EQ03 from "2026-04-01" to "2026-08-11"...
2026-08-11 17:49:33.379 +05:30 [INF] Rolling forward PnL state for EQ04 from "2026-04-01" to "2026-08-11"...
2026-08-11 17:49:33.382 +05:30 [INF] Rolling forward PnL state for EQ05 from "2026-04-01" to "2026-08-11"...
2026-08-11 17:49:33.385 +05:30 [INF] Rolling forward PnL state for ET01 from "2026-04-01" to "2026-08-11"...
2026-08-11 17:49:33.388 +05:30 [INF] Rolling forward PnL state for ET02 from "2026-04-01" to "2026-08-11"...
2026-08-11 17:49:33.390 +05:30 [INF] Rolling forward PnL state for ET03 from "2026-04-01" to "2026-08-11"...
2026-08-11 17:49:33.401 +05:30 [INF] Successfully cached daily snapshots for SecurityId: BD02 up to "2026-08-11"
2026-08-11 17:49:33.401 +05:30 [INF] Successfully cached daily snapshots for SecurityId: BD01 up to "2026-08-11"
2026-08-11 17:49:33.404 +05:30 [INF] Successfully cached daily snapshots for SecurityId: EQ01 up to "2026-08-11"
2026-08-11 17:49:33.403 +05:30 [INF] Successfully cached daily snapshots for SecurityId: BD03 up to "2026-08-11"
2026-08-11 17:49:33.405 +05:30 [INF] Successfully cached daily snapshots for SecurityId: EQ02 up to "2026-08-11"
2026-08-11 17:49:33.407 +05:30 [INF] Successfully cached daily snapshots for SecurityId: EQ03 up to "2026-08-11"
2026-08-11 17:49:33.408 +05:30 [INF] Successfully cached daily snapshots for SecurityId: EQ04 up to "2026-08-11"
2026-08-11 17:49:33.567 +05:30 [INF] Successfully cached daily snapshots for SecurityId: EQ05 up to "2026-08-11"
2026-08-11 17:49:33.568 +05:30 [INF] Successfully cached daily snapshots for SecurityId: ET02 up to "2026-08-11"
2026-08-11 17:49:33.569 +05:30 [INF] Successfully cached daily snapshots for SecurityId: ET01 up to "2026-08-11"
2026-08-11 17:49:33.570 +05:30 [INF] Successfully cached daily snapshots for SecurityId: ET03 up to "2026-08-11"
2026-08-11 17:49:33.571 +05:30 [INF] HTTP GET /api/PnL/summary responded 200 in 268.7944 ms
2026-08-11 17:50:14.096 +05:30 [INF] HTTP OPTIONS /api/PnL/summary responded 204 in 2.4823 ms
2026-08-11 17:50:14.264 +05:30 [INF] Rolling forward PnL state for BD01 from "2026-02-02" to "2026-08-11"...
2026-08-11 17:50:14.307 +05:30 [INF] Rolling forward PnL state for BD02 from "2026-02-02" to "2026-08-11"...
2026-08-11 17:50:14.312 +05:30 [INF] Rolling forward PnL state for BD03 from "2026-02-02" to "2026-08-11"...
2026-08-11 17:50:14.315 +05:30 [INF] Rolling forward PnL state for EQ01 from "2026-02-02" to "2026-08-11"...
2026-08-11 17:50:14.319 +05:30 [INF] Rolling forward PnL state for EQ02 from "2026-02-02" to "2026-08-11"...
2026-08-11 17:50:14.322 +05:30 [INF] Rolling forward PnL state for EQ03 from "2026-02-02" to "2026-08-11"...
2026-08-11 17:50:14.325 +05:30 [INF] Rolling forward PnL state for EQ04 from "2026-02-02" to "2026-08-11"...
2026-08-11 17:50:14.327 +05:30 [INF] Rolling forward PnL state for EQ05 from "2026-02-02" to "2026-08-11"...
2026-08-11 17:50:14.330 +05:30 [INF] Rolling forward PnL state for ET01 from "2026-02-02" to "2026-08-11"...
2026-08-11 17:50:14.332 +05:30 [INF] Rolling forward PnL state for ET02 from "2026-02-02" to "2026-08-11"...
2026-08-11 17:50:14.335 +05:30 [INF] Rolling forward PnL state for ET03 from "2026-02-02" to "2026-08-11"...
2026-08-11 17:50:14.339 +05:30 [INF] Successfully cached daily snapshots for SecurityId: BD01 up to "2026-08-11"
2026-08-11 17:50:14.367 +05:30 [INF] Successfully cached daily snapshots for SecurityId: ET03 up to "2026-08-11"
2026-08-11 17:50:14.454 +05:30 [INF] Successfully cached daily snapshots for SecurityId: BD02 up to "2026-08-11"
2026-08-11 17:50:14.454 +05:30 [INF] Successfully cached daily snapshots for SecurityId: BD03 up to "2026-08-11"
2026-08-11 17:50:14.567 +05:30 [INF] Successfully cached daily snapshots for SecurityId: EQ02 up to "2026-08-11"
2026-08-11 17:50:14.568 +05:30 [INF] Successfully cached daily snapshots for SecurityId: EQ03 up to "2026-08-11"
2026-08-11 17:50:14.569 +05:30 [INF] Successfully cached daily snapshots for SecurityId: EQ01 up to "2026-08-11"
2026-08-11 17:50:14.680 +05:30 [INF] Successfully cached daily snapshots for SecurityId: EQ04 up to "2026-08-11"
2026-08-11 17:50:14.681 +05:30 [INF] Successfully cached daily snapshots for SecurityId: ET01 up to "2026-08-11"
2026-08-11 17:50:14.682 +05:30 [INF] Successfully cached daily snapshots for SecurityId: ET02 up to "2026-08-11"
2026-08-11 17:50:14.680 +05:30 [INF] Successfully cached daily snapshots for SecurityId: EQ05 up to "2026-08-11"
2026-08-11 17:50:14.697 +05:30 [INF] HTTP GET /api/PnL/summary responded 200 in 571.8820 ms
2026-08-11 17:51:05.071 +05:30 [INF] HTTP OPTIONS /api/PnL/summary responded 204 in 0.5933 ms
2026-08-11 17:51:05.134 +05:30 [INF] CACHE HIT | Position state found in memory for SecurityId: BD01 as of "2026-02-06"
2026-08-11 17:51:05.135 +05:30 [INF] CACHE HIT | Position state found in memory for SecurityId: BD02 as of "2026-02-06"
2026-08-11 17:51:05.136 +05:30 [INF] CACHE HIT | Position state found in memory for SecurityId: BD03 as of "2026-02-06"
2026-08-11 17:51:05.137 +05:30 [INF] CACHE HIT | Position state found in memory for SecurityId: EQ01 as of "2026-02-06"
2026-08-11 17:51:05.138 +05:30 [INF] CACHE HIT | Position state found in memory for SecurityId: EQ02 as of "2026-02-06"
2026-08-11 17:51:05.139 +05:30 [INF] CACHE HIT | Position state found in memory for SecurityId: EQ03 as of "2026-02-06"
2026-08-11 17:51:05.140 +05:30 [INF] CACHE HIT | Position state found in memory for SecurityId: EQ04 as of "2026-02-06"
2026-08-11 17:51:05.140 +05:30 [INF] CACHE HIT | Position state found in memory for SecurityId: EQ05 as of "2026-02-06"
2026-08-11 17:51:05.141 +05:30 [INF] CACHE HIT | Position state found in memory for SecurityId: ET01 as of "2026-02-06"
2026-08-11 17:51:05.142 +05:30 [INF] CACHE HIT | Position state found in memory for SecurityId: ET02 as of "2026-02-06"
2026-08-11 17:51:05.143 +05:30 [INF] CACHE HIT | Position state found in memory for SecurityId: ET03 as of "2026-02-06"
2026-08-11 17:51:05.144 +05:30 [INF] HTTP GET /api/PnL/summary responded 200 in 70.1785 ms
2026-08-11 17:52:07.078 +05:30 [INF] HTTP OPTIONS /api/PnL/summary responded 204 in 0.0951 ms
2026-08-11 17:52:07.142 +05:30 [INF] CACHE HIT | Position state found in memory for SecurityId: BD01 as of "2026-03-31"
2026-08-11 17:52:07.143 +05:30 [INF] CACHE HIT | Position state found in memory for SecurityId: BD02 as of "2026-03-31"
2026-08-11 17:52:07.144 +05:30 [INF] CACHE HIT | Position state found in memory for SecurityId: BD03 as of "2026-03-31"
2026-08-11 17:52:07.145 +05:30 [INF] CACHE HIT | Position state found in memory for SecurityId: EQ01 as of "2026-03-31"
2026-08-11 17:52:07.146 +05:30 [INF] CACHE HIT | Position state found in memory for SecurityId: EQ02 as of "2026-03-31"
2026-08-11 17:52:07.147 +05:30 [INF] CACHE HIT | Position state found in memory for SecurityId: EQ03 as of "2026-03-31"
2026-08-11 17:52:07.148 +05:30 [INF] CACHE HIT | Position state found in memory for SecurityId: EQ04 as of "2026-03-31"
2026-08-11 17:52:07.149 +05:30 [INF] CACHE HIT | Position state found in memory for SecurityId: EQ05 as of "2026-03-31"
2026-08-11 17:52:07.150 +05:30 [INF] CACHE HIT | Position state found in memory for SecurityId: ET01 as of "2026-03-31"
2026-08-11 17:52:07.150 +05:30 [INF] CACHE HIT | Position state found in memory for SecurityId: ET02 as of "2026-03-31"
2026-08-11 17:52:07.151 +05:30 [INF] CACHE HIT | Position state found in memory for SecurityId: ET03 as of "2026-03-31"
2026-08-11 17:52:07.152 +05:30 [INF] HTTP GET /api/PnL/summary responded 200 in 71.2135 ms
2026-08-11 17:55:45.855 +05:30 [INF] HTTP GET /api/Security responded 200 in 85.7094 ms
2026-08-11 17:55:45.891 +05:30 [INF] HTTP GET /api/Security responded 200 in 33.4663 ms
2026-08-11 17:56:32.040 +05:30 [INF] HTTP GET /api/Security responded 200 in 30.2778 ms
2026-08-11 17:56:32.074 +05:30 [INF] HTTP GET /api/Security responded 200 in 30.0319 ms
2026-08-11 17:56:32.201 +05:30 [INF] HTTP GET /api/Trader responded 200 in 153.6628 ms
2026-08-11 17:56:32.233 +05:30 [INF] HTTP GET /api/Trader responded 200 in 30.0601 ms
2026-08-11 17:56:32.256 +05:30 [INF] Fetched 10 trade items for Page 1 (Total records matching filter: 304)
2026-08-11 17:56:32.260 +05:30 [INF] HTTP GET /api/TradeBlotter responded 200 in 243.6495 ms
2026-08-11 17:56:32.322 +05:30 [INF] Fetched 10 trade items for Page 1 (Total records matching filter: 304)
2026-08-11 17:56:32.324 +05:30 [INF] HTTP GET /api/TradeBlotter responded 200 in 63.4155 ms
2026-08-11 17:56:37.407 +05:30 [INF] Exporting 304 trades to CSV stream
2026-08-11 17:56:37.421 +05:30 [INF] HTTP GET /api/TradeBlotter/export responded 200 in 84.9673 ms
2026-08-11 17:56:53.059 +05:30 [INF] Fetched 10 trade items for Page 1 (Total records matching filter: 304)
2026-08-11 17:56:53.061 +05:30 [INF] HTTP GET /api/TradeBlotter responded 200 in 60.7226 ms
2026-08-11 17:57:04.230 +05:30 [INF] Fetched 10 trade items for Page 1 (Total records matching filter: 51)
2026-08-11 17:57:04.232 +05:30 [INF] HTTP GET /api/TradeBlotter responded 200 in 122.0014 ms
2026-08-11 17:57:09.033 +05:30 [INF] Fetched 10 trade items for Page 1 (Total records matching filter: 23)
2026-08-11 17:57:09.036 +05:30 [INF] HTTP GET /api/TradeBlotter responded 200 in 145.9646 ms
2026-08-11 17:57:22.954 +05:30 [INF] Fetched 4 trade items for Page 1 (Total records matching filter: 4)
2026-08-11 17:57:22.955 +05:30 [INF] HTTP GET /api/TradeBlotter responded 200 in 172.1686 ms
2026-08-11 17:57:45.287 +05:30 [INF] Fetched 0 trade items for Page 1 (Total records matching filter: 0)
2026-08-11 17:57:45.289 +05:30 [INF] HTTP GET /api/TradeBlotter responded 200 in 135.8024 ms
2026-08-11 17:57:49.455 +05:30 [INF] Fetched 0 trade items for Page 1 (Total records matching filter: 0)
2026-08-11 17:57:49.457 +05:30 [INF] HTTP GET /api/TradeBlotter responded 200 in 137.0540 ms
2026-08-11 17:59:05.534 +05:30 [WRN] The query uses the 'First'/'FirstOrDefault' operator without 'OrderBy' and filter operators. This may lead to unpredictable results.
2026-08-11 17:59:05.772 +05:30 [INF] Computed Trade Blotter Analytics. Total Volume: ¤0.00, Total Trades: 0
2026-08-11 17:59:05.777 +05:30 [INF] HTTP GET /api/TradeBlotter/analytics responded 200 in 274.3936 ms
2026-08-11 17:59:05.885 +05:30 [INF] Computed Trade Blotter Analytics. Total Volume: ¤0.00, Total Trades: 0
2026-08-11 17:59:05.886 +05:30 [INF] HTTP GET /api/TradeBlotter/analytics responded 200 in 106.2436 ms
2026-08-11 17:59:10.670 +05:30 [WRN] The query uses the 'First'/'FirstOrDefault' operator without 'OrderBy' and filter operators. This may lead to unpredictable results.
2026-08-11 17:59:10.778 +05:30 [INF] Computed Trade Blotter Analytics. Total Volume: ¤31,946,809.47, Total Trades: 304
2026-08-11 17:59:10.780 +05:30 [INF] HTTP GET /api/TradeBlotter/analytics responded 200 in 113.4648 ms
2026-08-11 17:59:42.473 +05:30 [INF] HTTP GET /api/Security responded 200 in 29.7501 ms
2026-08-11 17:59:42.504 +05:30 [INF] HTTP GET /api/Security responded 200 in 29.5496 ms
2026-08-11 17:59:49.812 +05:30 [INF] HTTP GET /api/Security responded 200 in 29.1801 ms
2026-08-11 17:59:49.843 +05:30 [INF] HTTP GET /api/Security responded 200 in 29.4116 ms
2026-08-11 17:59:49.847 +05:30 [INF] Fetched 10 trade items for Page 1 (Total records matching filter: 304)
2026-08-11 17:59:49.849 +05:30 [INF] HTTP GET /api/TradeBlotter responded 200 in 61.3844 ms
2026-08-11 17:59:49.909 +05:30 [INF] Fetched 10 trade items for Page 1 (Total records matching filter: 304)
2026-08-11 17:59:49.911 +05:30 [INF] HTTP GET /api/TradeBlotter responded 200 in 60.8651 ms
2026-08-11 17:59:49.966 +05:30 [INF] HTTP GET /api/Trader responded 200 in 148.0028 ms
2026-08-11 17:59:49.998 +05:30 [INF] HTTP GET /api/Trader responded 200 in 29.8590 ms
2026-08-11 17:59:51.894 +05:30 [INF] HTTP GET /api/Security responded 200 in 30.4825 ms
2026-08-11 17:59:51.925 +05:30 [INF] HTTP GET /api/Security responded 200 in 29.6076 ms
2026-08-11 18:00:20.355 +05:30 [INF] HTTP OPTIONS /api/PnL/summary responded 204 in 0.0556 ms
2026-08-11 18:00:20.420 +05:30 [INF] CACHE HIT | Position state found in memory for SecurityId: BD01 as of "2026-03-31"
2026-08-11 18:00:20.421 +05:30 [INF] CACHE HIT | Position state found in memory for SecurityId: BD02 as of "2026-03-31"
2026-08-11 18:00:20.422 +05:30 [INF] CACHE HIT | Position state found in memory for SecurityId: BD03 as of "2026-03-31"
2026-08-11 18:00:20.423 +05:30 [INF] CACHE HIT | Position state found in memory for SecurityId: EQ01 as of "2026-03-31"
2026-08-11 18:00:20.424 +05:30 [INF] CACHE HIT | Position state found in memory for SecurityId: EQ02 as of "2026-03-31"
2026-08-11 18:00:20.424 +05:30 [INF] CACHE HIT | Position state found in memory for SecurityId: EQ03 as of "2026-03-31"
2026-08-11 18:00:20.425 +05:30 [INF] CACHE HIT | Position state found in memory for SecurityId: EQ04 as of "2026-03-31"
2026-08-11 18:00:20.426 +05:30 [INF] CACHE HIT | Position state found in memory for SecurityId: EQ05 as of "2026-03-31"
2026-08-11 18:00:20.427 +05:30 [INF] CACHE HIT | Position state found in memory for SecurityId: ET01 as of "2026-03-31"
2026-08-11 18:00:20.428 +05:30 [INF] CACHE HIT | Position state found in memory for SecurityId: ET02 as of "2026-03-31"
2026-08-11 18:00:20.429 +05:30 [INF] CACHE HIT | Position state found in memory for SecurityId: ET03 as of "2026-03-31"
2026-08-11 18:00:20.430 +05:30 [INF] HTTP GET /api/PnL/summary responded 200 in 71.8872 ms
2026-08-11 18:00:52.985 +05:30 [INF] HTTP OPTIONS /api/PnL/summary responded 204 in 0.0565 ms
2026-08-11 18:00:53.054 +05:30 [INF] CACHE HIT | Position state found in memory for SecurityId: EQ01 as of "2026-03-31"
2026-08-11 18:00:53.055 +05:30 [INF] CACHE HIT | Position state found in memory for SecurityId: EQ04 as of "2026-03-31"
2026-08-11 18:00:53.056 +05:30 [INF] CACHE HIT | Position state found in memory for SecurityId: ET02 as of "2026-03-31"
2026-08-11 18:00:53.058 +05:30 [INF] HTTP GET /api/PnL/summary responded 200 in 69.1356 ms
2026-08-11 18:01:12.478 +05:30 [INF] HTTP OPTIONS /api/PnL/timeseries responded 204 in 0.4821 ms
2026-08-11 18:01:12.478 +05:30 [INF] HTTP OPTIONS /api/PnL/timeseries responded 204 in 0.0181 ms
2026-08-11 18:01:14.235 +05:30 [INF] HTTP GET /api/PnL/timeseries responded 200 in 1752.5362 ms
2026-08-11 18:01:15.924 +05:30 [INF] HTTP GET /api/PnL/timeseries responded 200 in 1693.7036 ms
2026-08-11 18:01:30.532 +05:30 [INF] HTTP GET /api/Security responded 200 in 29.4262 ms
2026-08-11 18:01:30.563 +05:30 [INF] HTTP GET /api/Security responded 200 in 29.5372 ms
2026-08-11 18:01:33.264 +05:30 [INF] HTTP OPTIONS /api/PnL/summary responded 204 in 0.0562 ms
2026-08-11 18:01:33.326 +05:30 [INF] CACHE HIT | Position state found in memory for SecurityId: BD01 as of "2026-03-31"
2026-08-11 18:01:33.327 +05:30 [INF] CACHE HIT | Position state found in memory for SecurityId: BD02 as of "2026-03-31"
2026-08-11 18:01:33.328 +05:30 [INF] CACHE HIT | Position state found in memory for SecurityId: BD03 as of "2026-03-31"
2026-08-11 18:01:33.329 +05:30 [INF] CACHE HIT | Position state found in memory for SecurityId: EQ01 as of "2026-03-31"
2026-08-11 18:01:33.330 +05:30 [INF] CACHE HIT | Position state found in memory for SecurityId: EQ02 as of "2026-03-31"
2026-08-11 18:01:33.331 +05:30 [INF] CACHE HIT | Position state found in memory for SecurityId: EQ03 as of "2026-03-31"
2026-08-11 18:01:33.332 +05:30 [INF] CACHE HIT | Position state found in memory for SecurityId: EQ04 as of "2026-03-31"
2026-08-11 18:01:33.333 +05:30 [INF] CACHE HIT | Position state found in memory for SecurityId: EQ05 as of "2026-03-31"
2026-08-11 18:01:33.334 +05:30 [INF] CACHE HIT | Position state found in memory for SecurityId: ET01 as of "2026-03-31"
2026-08-11 18:01:33.335 +05:30 [INF] CACHE HIT | Position state found in memory for SecurityId: ET02 as of "2026-03-31"
2026-08-11 18:01:33.336 +05:30 [INF] CACHE HIT | Position state found in memory for SecurityId: ET03 as of "2026-03-31"
2026-08-11 18:01:33.337 +05:30 [INF] HTTP GET /api/PnL/summary responded 200 in 68.9743 ms
2026-08-11 18:01:33.385 +05:30 [INF] HTTP OPTIONS /hubs/pnl/negotiate responded 204 in 0.1038 ms
2026-08-11 18:01:33.395 +05:30 [INF] HTTP POST /hubs/pnl/negotiate responded 200 in 2.8810 ms
2026-08-11 18:02:13.240 +05:30 [INF] HTTP GET /api/Security responded 200 in 29.4762 ms
2026-08-11 18:02:13.271 +05:30 [INF] HTTP GET /api/Security responded 200 in 29.2450 ms
2026-08-11 18:02:13.279 +05:30 [INF] HTTP GET /api/Trader responded 200 in 34.0042 ms
2026-08-11 18:02:13.281 +05:30 [INF] Fetched 10 trade items for Page 1 (Total records matching filter: 304)
2026-08-11 18:02:13.285 +05:30 [INF] HTTP GET /api/TradeBlotter responded 200 in 71.6822 ms
2026-08-11 18:02:13.310 +05:30 [INF] HTTP GET /api/Trader responded 200 in 29.3567 ms
2026-08-11 18:02:13.345 +05:30 [INF] Fetched 10 trade items for Page 1 (Total records matching filter: 304)
2026-08-11 18:02:13.347 +05:30 [INF] HTTP GET /api/TradeBlotter responded 200 in 60.0926 ms
2026-08-11 18:05:31.915 +05:30 [INF] HTTP GET /api/Security responded 200 in 118.1783 ms
2026-08-11 18:05:47.360 +05:30 [INF] HTTP GET /api/Security responded 200 in 15446.2175 ms
2026-08-11 18:06:38.685 +05:30 [INF] HTTP GET /api/Trader responded 200 in 7592.6084 ms
2026-08-11 18:06:39.362 +05:30 [INF] HTTP GET /api/Trader responded 200 in 63.8813 ms
2026-08-11 18:06:57.050 +05:30 [INF] Fetched 10 trade items for Page 1 (Total records matching filter: 304)
2026-08-11 18:06:57.050 +05:30 [INF] Fetched 10 trade items for Page 1 (Total records matching filter: 304)
2026-08-11 18:07:50.413 +05:30 [INF] HTTP GET /api/TradeBlotter responded 200 in 79326.4869 ms
2026-08-11 18:07:52.474 +05:30 [INF] HTTP GET /api/TradeBlotter responded 200 in 140685.8672 ms
2026-08-11 18:32:18.398 +05:30 [INF] HTTP GET /api/Security responded 200 in 109.5241 ms
2026-08-11 18:32:18.470 +05:30 [INF] Fetched 10 trade items for Page 1 (Total records matching filter: 304)
2026-08-11 18:32:18.474 +05:30 [INF] HTTP GET /api/TradeBlotter responded 200 in 187.5279 ms
2026-08-11 18:32:18.537 +05:30 [INF] Fetched 10 trade items for Page 1 (Total records matching filter: 304)
2026-08-11 18:32:18.539 +05:30 [INF] HTTP GET /api/TradeBlotter responded 200 in 62.9778 ms
2026-08-11 18:32:18.547 +05:30 [INF] HTTP GET /api/Security responded 200 in 149.2242 ms
2026-08-11 18:32:18.670 +05:30 [INF] HTTP GET /api/Trader responded 200 in 240.0530 ms
2026-08-11 18:32:18.702 +05:30 [INF] HTTP GET /api/Trader responded 200 in 30.3581 ms
2026-08-11 18:32:34.255 +05:30 [INF] HTTP GET /api/Security responded 200 in 31.5525 ms
2026-08-11 18:32:34.287 +05:30 [INF] HTTP GET /api/Security responded 200 in 30.1938 ms
2026-08-11 18:32:37.023 +05:30 [INF] HTTP OPTIONS /api/PnL/summary responded 204 in 0.7733 ms
2026-08-11 18:32:37.107 +05:30 [INF] Rolling forward PnL state for BD01 from "2026-02-02" to "2026-03-31"...
2026-08-11 18:32:37.116 +05:30 [INF] Rolling forward PnL state for BD02 from "2026-02-02" to "2026-03-31"...
2026-08-11 18:32:37.120 +05:30 [INF] Rolling forward PnL state for BD03 from "2026-02-02" to "2026-03-31"...
2026-08-11 18:32:37.123 +05:30 [INF] Rolling forward PnL state for EQ01 from "2026-02-02" to "2026-03-31"...
2026-08-11 18:32:37.125 +05:30 [INF] Rolling forward PnL state for EQ02 from "2026-02-02" to "2026-03-31"...
2026-08-11 18:32:37.129 +05:30 [INF] Rolling forward PnL state for EQ03 from "2026-02-02" to "2026-03-31"...
2026-08-11 18:32:37.132 +05:30 [INF] Rolling forward PnL state for EQ04 from "2026-02-02" to "2026-03-31"...
2026-08-11 18:32:37.134 +05:30 [INF] Rolling forward PnL state for EQ05 from "2026-02-02" to "2026-03-31"...
2026-08-11 18:32:37.137 +05:30 [INF] Rolling forward PnL state for ET01 from "2026-02-02" to "2026-03-31"...
2026-08-11 18:32:37.140 +05:30 [INF] Rolling forward PnL state for ET02 from "2026-02-02" to "2026-03-31"...
2026-08-11 18:32:37.143 +05:30 [INF] Rolling forward PnL state for ET03 from "2026-02-02" to "2026-03-31"...
2026-08-11 18:32:37.148 +05:30 [INF] Successfully cached daily snapshots for SecurityId: BD01 up to "2026-03-31"
2026-08-11 18:32:37.148 +05:30 [INF] Successfully cached daily snapshots for SecurityId: BD02 up to "2026-03-31"
2026-08-11 18:32:37.150 +05:30 [INF] Successfully cached daily snapshots for SecurityId: BD03 up to "2026-03-31"
2026-08-11 18:32:37.269 +05:30 [INF] Successfully cached daily snapshots for SecurityId: EQ02 up to "2026-03-31"
2026-08-11 18:32:37.269 +05:30 [INF] Successfully cached daily snapshots for SecurityId: EQ04 up to "2026-03-31"
2026-08-11 18:32:37.271 +05:30 [INF] Successfully cached daily snapshots for SecurityId: EQ03 up to "2026-03-31"
2026-08-11 18:32:37.271 +05:30 [INF] Successfully cached daily snapshots for SecurityId: EQ01 up to "2026-03-31"
2026-08-11 18:32:37.382 +05:30 [INF] Successfully cached daily snapshots for SecurityId: EQ05 up to "2026-03-31"
2026-08-11 18:32:37.383 +05:30 [INF] Successfully cached daily snapshots for SecurityId: ET01 up to "2026-03-31"
2026-08-11 18:32:37.384 +05:30 [INF] Successfully cached daily snapshots for SecurityId: ET02 up to "2026-03-31"
2026-08-11 18:32:37.384 +05:30 [INF] Successfully cached daily snapshots for SecurityId: ET03 up to "2026-03-31"
2026-08-11 18:32:37.387 +05:30 [INF] HTTP GET /api/PnL/summary responded 200 in 359.9952 ms
2026-08-11 18:32:37.432 +05:30 [INF] HTTP OPTIONS /hubs/pnl/negotiate responded 204 in 0.1208 ms
2026-08-11 18:32:37.444 +05:30 [INF] HTTP POST /hubs/pnl/negotiate responded 200 in 3.9186 ms
2026-08-11 18:35:57.761 +05:30 [INF] HTTP CONNECT /hubs/pnl responded 200 in 200302.8403 ms
2026-08-11 18:35:57.779 +05:30 [INF] HTTP GET /api/Security responded 200 in 31.7237 ms
2026-08-11 18:35:57.810 +05:30 [INF] HTTP GET /api/Security responded 200 in 29.3052 ms
2026-08-11 18:35:57.818 +05:30 [INF] HTTP GET /api/Trader responded 200 in 33.7704 ms
2026-08-11 18:35:57.819 +05:30 [INF] Fetched 10 trade items for Page 1 (Total records matching filter: 304)
2026-08-11 18:35:57.822 +05:30 [INF] HTTP GET /api/TradeBlotter responded 200 in 72.1884 ms
2026-08-11 18:35:57.848 +05:30 [INF] HTTP GET /api/Trader responded 200 in 29.1920 ms
2026-08-11 18:35:57.882 +05:30 [INF] Fetched 10 trade items for Page 1 (Total records matching filter: 304)
2026-08-11 18:35:57.884 +05:30 [INF] HTTP GET /api/TradeBlotter responded 200 in 61.1456 ms
2026-08-11 18:35:59.254 +05:30 [INF] HTTP GET /api/Security responded 200 in 30.3029 ms
2026-08-11 18:35:59.285 +05:30 [INF] HTTP GET /api/Security responded 200 in 29.9735 ms
2026-08-11 18:36:00.550 +05:30 [INF] HTTP OPTIONS /api/PnL/summary responded 204 in 0.0656 ms
2026-08-11 18:36:00.621 +05:30 [INF] CACHE HIT | Position state found in memory for SecurityId: BD01 as of "2026-03-31"
2026-08-11 18:36:00.622 +05:30 [INF] CACHE HIT | Position state found in memory for SecurityId: BD02 as of "2026-03-31"
2026-08-11 18:36:00.624 +05:30 [INF] CACHE HIT | Position state found in memory for SecurityId: BD03 as of "2026-03-31"
2026-08-11 18:36:00.625 +05:30 [INF] CACHE HIT | Position state found in memory for SecurityId: EQ01 as of "2026-03-31"
2026-08-11 18:36:00.625 +05:30 [INF] CACHE HIT | Position state found in memory for SecurityId: EQ02 as of "2026-03-31"
2026-08-11 18:36:00.626 +05:30 [INF] CACHE HIT | Position state found in memory for SecurityId: EQ03 as of "2026-03-31"
2026-08-11 18:36:00.627 +05:30 [INF] CACHE HIT | Position state found in memory for SecurityId: EQ04 as of "2026-03-31"
2026-08-11 18:36:00.628 +05:30 [INF] CACHE HIT | Position state found in memory for SecurityId: EQ05 as of "2026-03-31"
2026-08-11 18:36:00.629 +05:30 [INF] CACHE HIT | Position state found in memory for SecurityId: ET01 as of "2026-03-31"
2026-08-11 18:36:00.630 +05:30 [INF] CACHE HIT | Position state found in memory for SecurityId: ET02 as of "2026-03-31"
2026-08-11 18:36:00.630 +05:30 [INF] CACHE HIT | Position state found in memory for SecurityId: ET03 as of "2026-03-31"
2026-08-11 18:36:00.632 +05:30 [INF] HTTP GET /api/PnL/summary responded 200 in 79.2453 ms
2026-08-11 18:36:03.155 +05:30 [INF] HTTP GET /api/Security responded 200 in 29.9162 ms
2026-08-11 18:36:03.186 +05:30 [INF] HTTP GET /api/Security responded 200 in 29.5566 ms
2026-08-11 18:36:03.947 +05:30 [INF] CACHE HIT | Position state found in memory for SecurityId: BD01 as of "2026-03-31"
2026-08-11 18:36:03.948 +05:30 [INF] CACHE HIT | Position state found in memory for SecurityId: BD02 as of "2026-03-31"
2026-08-11 18:36:03.949 +05:30 [INF] CACHE HIT | Position state found in memory for SecurityId: BD03 as of "2026-03-31"
2026-08-11 18:36:03.951 +05:30 [INF] CACHE HIT | Position state found in memory for SecurityId: EQ01 as of "2026-03-31"
2026-08-11 18:36:03.952 +05:30 [INF] CACHE HIT | Position state found in memory for SecurityId: EQ02 as of "2026-03-31"
2026-08-11 18:36:03.953 +05:30 [INF] CACHE HIT | Position state found in memory for SecurityId: EQ03 as of "2026-03-31"
2026-08-11 18:36:03.954 +05:30 [INF] CACHE HIT | Position state found in memory for SecurityId: EQ04 as of "2026-03-31"
2026-08-11 18:36:03.955 +05:30 [INF] CACHE HIT | Position state found in memory for SecurityId: EQ05 as of "2026-03-31"
2026-08-11 18:36:03.956 +05:30 [INF] CACHE HIT | Position state found in memory for SecurityId: ET01 as of "2026-03-31"
2026-08-11 18:36:03.956 +05:30 [INF] CACHE HIT | Position state found in memory for SecurityId: ET02 as of "2026-03-31"
2026-08-11 18:36:03.957 +05:30 [INF] CACHE HIT | Position state found in memory for SecurityId: ET03 as of "2026-03-31"
2026-08-11 18:36:03.958 +05:30 [INF] HTTP GET /api/PnL/summary responded 200 in 71.0904 ms
2026-08-11 18:36:03.986 +05:30 [INF] HTTP OPTIONS /hubs/pnl/negotiate responded 204 in 0.0680 ms
2026-08-11 18:36:03.989 +05:30 [INF] HTTP POST /hubs/pnl/negotiate responded 200 in 0.1966 ms
2026-08-11 18:36:43.510 +05:30 [INF] HTTP CONNECT /hubs/pnl responded 200 in 39507.7912 ms
2026-08-11 18:36:43.529 +05:30 [INF] HTTP GET /api/Security responded 200 in 30.9371 ms
2026-08-11 18:36:43.560 +05:30 [INF] HTTP GET /api/Security responded 200 in 29.4107 ms
2026-08-11 18:36:43.563 +05:30 [INF] HTTP GET /api/Trader responded 200 in 30.2363 ms
2026-08-11 18:36:43.568 +05:30 [INF] Fetched 10 trade items for Page 1 (Total records matching filter: 304)
2026-08-11 18:36:43.569 +05:30 [INF] HTTP GET /api/TradeBlotter responded 200 in 69.6531 ms
2026-08-11 18:36:43.593 +05:30 [INF] HTTP GET /api/Trader responded 200 in 28.9425 ms
2026-08-11 18:36:43.629 +05:30 [INF] Fetched 10 trade items for Page 1 (Total records matching filter: 304)
2026-08-11 18:36:43.630 +05:30 [INF] HTTP GET /api/TradeBlotter responded 200 in 59.8530 ms
2026-08-11 18:39:09.244 +05:30 [INF] HTTP GET /api/Security responded 200 in 39.3963 ms
2026-08-11 18:39:09.834 +05:30 [INF] HTTP GET /api/Security responded 200 in 29.3564 ms
2026-08-11 18:39:09.866 +05:30 [INF] HTTP GET /api/Security responded 200 in 30.0373 ms
2026-08-11 18:40:50.415 +05:30 [INF] HTTP GET /api/Security responded 200 in 31.5477 ms
2026-08-11 18:40:50.447 +05:30 [INF] HTTP GET /api/Security responded 200 in 30.5148 ms
2026-08-11 18:40:50.454 +05:30 [INF] HTTP GET /api/Trader responded 200 in 30.8494 ms
2026-08-11 18:40:50.455 +05:30 [INF] Fetched 10 trade items for Page 1 (Total records matching filter: 304)
2026-08-11 18:40:50.458 +05:30 [INF] HTTP GET /api/TradeBlotter responded 200 in 72.1226 ms
2026-08-11 18:40:50.484 +05:30 [INF] HTTP GET /api/Trader responded 200 in 29.2785 ms
2026-08-11 18:40:50.518 +05:30 [INF] Fetched 10 trade items for Page 1 (Total records matching filter: 304)
2026-08-11 18:40:50.519 +05:30 [INF] HTTP GET /api/TradeBlotter responded 200 in 59.9534 ms
2026-08-11 18:42:10.678 +05:30 [INF] HTTP GET /api/Security responded 200 in 35.9946 ms
2026-08-11 18:42:10.711 +05:30 [INF] HTTP GET /api/Security responded 200 in 31.5612 ms
2026-08-11 18:42:10.716 +05:30 [INF] HTTP GET /api/Trader responded 200 in 32.3667 ms
2026-08-11 18:42:10.717 +05:30 [INF] Fetched 10 trade items for Page 1 (Total records matching filter: 304)
2026-08-11 18:42:10.724 +05:30 [INF] HTTP GET /api/TradeBlotter responded 200 in 81.4008 ms
2026-08-11 18:42:10.750 +05:30 [INF] HTTP GET /api/Trader responded 200 in 32.0659 ms
2026-08-11 18:42:10.784 +05:30 [INF] Fetched 10 trade items for Page 1 (Total records matching filter: 304)
2026-08-11 18:42:10.786 +05:30 [INF] HTTP GET /api/TradeBlotter responded 200 in 60.6457 ms
2026-08-11 18:42:23.778 +05:30 [INF] Fetched 10 trade items for Page 1 (Total records matching filter: 304)
2026-08-11 18:42:23.780 +05:30 [INF] HTTP GET /api/TradeBlotter responded 200 in 60.3632 ms
2026-08-11 18:52:29.685 +05:30 [INF] HTTP GET /api/Security responded 200 in 130.0181 ms
2026-08-11 18:52:29.713 +05:30 [INF] HTTP GET /api/Security responded 200 in 25.8713 ms
2026-08-11 18:52:29.784 +05:30 [INF] HTTP GET /api/Trader responded 200 in 90.7203 ms
2026-08-11 18:52:29.823 +05:30 [INF] HTTP GET /api/Trader responded 200 in 37.1053 ms
2026-08-11 18:52:29.824 +05:30 [INF] Fetched 10 trade items for Page 1 (Total records matching filter: 304)
2026-08-11 18:52:29.827 +05:30 [INF] HTTP GET /api/TradeBlotter responded 200 in 267.4436 ms
2026-08-11 18:52:29.879 +05:30 [INF] Fetched 10 trade items for Page 1 (Total records matching filter: 304)
2026-08-11 18:52:29.881 +05:30 [INF] HTTP GET /api/TradeBlotter responded 200 in 51.8698 ms
2026-08-11 18:52:37.744 +05:30 [INF] Fetched 10 trade items for Page 1 (Total records matching filter: 304)
2026-08-11 18:52:37.745 +05:30 [INF] HTTP GET /api/TradeBlotter responded 200 in 52.7931 ms
2026-08-11 18:52:49.281 +05:30 [INF] Fetched 0 trade items for Page 1 (Total records matching filter: 0)
2026-08-11 18:52:49.283 +05:30 [INF] HTTP GET /api/TradeBlotter responded 200 in 68.7060 ms
2026-08-11 18:52:53.076 +05:30 [INF] Fetched 0 trade items for Page 1 (Total records matching filter: 0)
2026-08-11 18:52:53.077 +05:30 [INF] HTTP GET /api/TradeBlotter responded 200 in 63.2109 ms
2026-08-11 18:53:00.348 +05:30 [INF] Fetched 10 trade items for Page 1 (Total records matching filter: 222)
2026-08-11 18:53:00.349 +05:30 [INF] HTTP GET /api/TradeBlotter responded 200 in 54.3805 ms
2026-08-11 18:53:08.958 +05:30 [INF] HTTP GET /api/Security responded 200 in 26.5037 ms
2026-08-11 18:53:08.986 +05:30 [INF] HTTP GET /api/Security responded 200 in 26.6716 ms
2026-08-11 18:53:18.404 +05:30 [INF] HTTP GET /api/Security responded 200 in 26.9627 ms
2026-08-11 18:53:18.430 +05:30 [INF] HTTP GET /api/Security responded 200 in 24.7801 ms
2026-08-11 18:53:18.437 +05:30 [INF] Fetched 10 trade items for Page 1 (Total records matching filter: 304)
2026-08-11 18:53:18.440 +05:30 [INF] HTTP GET /api/TradeBlotter responded 200 in 59.0407 ms
2026-08-11 18:53:18.492 +05:30 [INF] Fetched 10 trade items for Page 1 (Total records matching filter: 304)
2026-08-11 18:53:18.493 +05:30 [INF] HTTP GET /api/TradeBlotter responded 200 in 51.7596 ms
2026-08-11 18:53:18.535 +05:30 [INF] HTTP GET /api/Trader responded 200 in 124.9776 ms
2026-08-11 18:53:18.561 +05:30 [INF] HTTP GET /api/Trader responded 200 in 24.7503 ms
2026-08-11 18:53:37.308 +05:30 [INF] Fetched 10 trade items for Page 1 (Total records matching filter: 106)
2026-08-11 18:53:37.309 +05:30 [INF] HTTP GET /api/TradeBlotter responded 200 in 52.7411 ms
2026-08-11 18:53:37.523 +05:30 [INF] Fetched 10 trade items for Page 1 (Total records matching filter: 304)
2026-08-11 18:53:37.525 +05:30 [INF] HTTP GET /api/TradeBlotter responded 200 in 51.8933 ms
2026-08-11 18:57:44.274 +05:30 [INF] Fetched 10 trade items for Page 1 (Total records matching filter: 51)
2026-08-11 18:57:44.275 +05:30 [INF] HTTP GET /api/TradeBlotter responded 200 in 116.4644 ms
2026-08-11 18:57:46.062 +05:30 [INF] HTTP GET /api/Security responded 200 in 27.1888 ms
2026-08-11 18:57:46.088 +05:30 [INF] HTTP GET /api/Security responded 200 in 25.1910 ms
2026-08-11 18:57:51.779 +05:30 [INF] HTTP GET /api/Security responded 200 in 25.7903 ms
2026-08-11 18:57:51.806 +05:30 [INF] HTTP GET /api/Security responded 200 in 25.0524 ms
2026-08-11 18:57:51.809 +05:30 [INF] HTTP GET /api/Trader responded 200 in 26.1813 ms
2026-08-11 18:57:51.815 +05:30 [INF] Fetched 10 trade items for Page 1 (Total records matching filter: 304)
2026-08-11 18:57:51.817 +05:30 [INF] HTTP GET /api/TradeBlotter responded 200 in 60.3882 ms
2026-08-11 18:57:51.836 +05:30 [INF] HTTP GET /api/Trader responded 200 in 25.2234 ms
2026-08-11 18:57:51.869 +05:30 [INF] Fetched 10 trade items for Page 1 (Total records matching filter: 304)
2026-08-11 18:57:51.870 +05:30 [INF] HTTP GET /api/TradeBlotter responded 200 in 52.1174 ms
2026-08-11 18:58:12.353 +05:30 [WRN] The query uses the 'First'/'FirstOrDefault' operator without 'OrderBy' and filter operators. This may lead to unpredictable results.
2026-08-11 18:58:12.457 +05:30 [INF] Computed Trade Blotter Analytics. Total Volume: ¤31,946,809.47, Total Trades: 304
2026-08-11 18:58:12.463 +05:30 [INF] HTTP GET /api/TradeBlotter/analytics responded 200 in 142.1771 ms
2026-08-11 18:58:12.540 +05:30 [INF] Computed Trade Blotter Analytics. Total Volume: ¤31,946,809.47, Total Trades: 304
2026-08-11 18:58:12.541 +05:30 [INF] HTTP GET /api/TradeBlotter/analytics responded 200 in 76.6816 ms
2026-08-11 18:58:13.211 +05:30 [INF] Fetched 10 trade items for Page 1 (Total records matching filter: 304)
2026-08-11 18:58:13.213 +05:30 [INF] HTTP GET /api/TradeBlotter responded 200 in 58.1351 ms
2026-08-11 18:58:16.618 +05:30 [INF] Computed Trade Blotter Analytics. Total Volume: ¤31,946,809.47, Total Trades: 304
2026-08-11 18:58:16.619 +05:30 [INF] HTTP GET /api/TradeBlotter/analytics responded 200 in 77.9466 ms
2026-08-11 18:58:16.706 +05:30 [INF] Computed Trade Blotter Analytics. Total Volume: ¤31,946,809.47, Total Trades: 304
2026-08-11 18:58:16.708 +05:30 [INF] HTTP GET /api/TradeBlotter/analytics responded 200 in 87.7749 ms
2026-08-11 18:58:18.074 +05:30 [INF] Fetched 10 trade items for Page 1 (Total records matching filter: 304)
2026-08-11 18:58:18.075 +05:30 [INF] HTTP GET /api/TradeBlotter responded 200 in 51.8190 ms
2026-08-11 18:58:28.892 +05:30 [INF] HTTP GET /api/Security responded 200 in 26.1988 ms
2026-08-11 18:58:28.923 +05:30 [INF] HTTP GET /api/Security responded 200 in 26.3887 ms
2026-08-11 18:58:29.944 +05:30 [INF] HTTP GET /api/Security responded 200 in 25.3612 ms
2026-08-11 18:58:29.971 +05:30 [INF] HTTP GET /api/Security responded 200 in 25.1165 ms
2026-08-11 18:58:30.619 +05:30 [INF] HTTP GET /api/Security responded 200 in 25.0121 ms
2026-08-11 18:58:30.645 +05:30 [INF] HTTP GET /api/Security responded 200 in 24.6463 ms
2026-08-11 18:58:30.649 +05:30 [INF] HTTP GET /api/Trader responded 200 in 26.0316 ms
2026-08-11 18:58:30.650 +05:30 [INF] Fetched 10 trade items for Page 1 (Total records matching filter: 304)
2026-08-11 18:58:30.654 +05:30 [INF] HTTP GET /api/TradeBlotter responded 200 in 55.8684 ms
2026-08-11 18:58:30.676 +05:30 [INF] HTTP GET /api/Trader responded 200 in 25.9724 ms
2026-08-11 18:58:30.710 +05:30 [INF] Fetched 10 trade items for Page 1 (Total records matching filter: 304)
2026-08-11 18:58:30.712 +05:30 [INF] HTTP GET /api/TradeBlotter responded 200 in 57.5864 ms
2026-08-11 19:17:24.238 +05:30 [INF] HTTP GET /api/Security responded 200 in 101.2802 ms
2026-08-11 19:17:24.307 +05:30 [INF] HTTP GET /api/Security responded 200 in 68.6119 ms
2026-08-11 19:17:25.150 +05:30 [INF] HTTP OPTIONS /api/PnL/summary responded 204 in 0.9259 ms
2026-08-11 19:17:25.239 +05:30 [INF] Rolling forward PnL state for BD01 from "2026-02-02" to "2026-03-31"...
2026-08-11 19:17:25.248 +05:30 [INF] Rolling forward PnL state for BD02 from "2026-02-02" to "2026-03-31"...
2026-08-11 19:17:25.254 +05:30 [INF] Rolling forward PnL state for BD03 from "2026-02-02" to "2026-03-31"...
2026-08-11 19:17:25.258 +05:30 [INF] Rolling forward PnL state for EQ01 from "2026-02-02" to "2026-03-31"...
2026-08-11 19:17:25.261 +05:30 [INF] Rolling forward PnL state for EQ02 from "2026-02-02" to "2026-03-31"...
2026-08-11 19:17:25.263 +05:30 [INF] Rolling forward PnL state for EQ03 from "2026-02-02" to "2026-03-31"...
2026-08-11 19:17:25.266 +05:30 [INF] Rolling forward PnL state for EQ04 from "2026-02-02" to "2026-03-31"...
2026-08-11 19:17:25.268 +05:30 [INF] Rolling forward PnL state for EQ05 from "2026-02-02" to "2026-03-31"...
2026-08-11 19:17:25.271 +05:30 [INF] Rolling forward PnL state for ET01 from "2026-02-02" to "2026-03-31"...
2026-08-11 19:17:25.273 +05:30 [INF] Rolling forward PnL state for ET02 from "2026-02-02" to "2026-03-31"...
2026-08-11 19:17:25.276 +05:30 [INF] Rolling forward PnL state for ET03 from "2026-02-02" to "2026-03-31"...
2026-08-11 19:17:25.280 +05:30 [INF] Successfully cached daily snapshots for SecurityId: BD01 up to "2026-03-31"
2026-08-11 19:17:25.302 +05:30 [INF] Successfully cached daily snapshots for SecurityId: ET03 up to "2026-03-31"
2026-08-11 19:17:25.379 +05:30 [INF] Successfully cached daily snapshots for SecurityId: BD02 up to "2026-03-31"
2026-08-11 19:17:25.379 +05:30 [INF] Successfully cached daily snapshots for SecurityId: BD03 up to "2026-03-31"
2026-08-11 19:17:25.477 +05:30 [INF] Successfully cached daily snapshots for SecurityId: EQ02 up to "2026-03-31"
2026-08-11 19:17:25.477 +05:30 [INF] Successfully cached daily snapshots for SecurityId: EQ03 up to "2026-03-31"
2026-08-11 19:17:25.479 +05:30 [INF] Successfully cached daily snapshots for SecurityId: EQ01 up to "2026-03-31"
2026-08-11 19:17:25.574 +05:30 [INF] Successfully cached daily snapshots for SecurityId: EQ04 up to "2026-03-31"
2026-08-11 19:17:25.574 +05:30 [INF] Successfully cached daily snapshots for SecurityId: ET02 up to "2026-03-31"
2026-08-11 19:17:25.575 +05:30 [INF] Successfully cached daily snapshots for SecurityId: EQ05 up to "2026-03-31"
2026-08-11 19:17:25.574 +05:30 [INF] Successfully cached daily snapshots for SecurityId: ET01 up to "2026-03-31"
2026-08-11 19:17:25.581 +05:30 [INF] HTTP GET /api/PnL/summary responded 200 in 427.7409 ms
2026-08-11 19:17:26.827 +05:30 [INF] HTTP GET /api/Security responded 200 in 27.9650 ms
2026-08-11 19:17:26.856 +05:30 [INF] HTTP GET /api/Security responded 200 in 26.8871 ms
2026-08-11 19:17:26.865 +05:30 [INF] HTTP GET /api/Trader responded 200 in 32.3833 ms
2026-08-11 19:17:26.891 +05:30 [INF] HTTP GET /api/Trader responded 200 in 24.9265 ms
2026-08-11 19:17:26.940 +05:30 [INF] Fetched 10 trade items for Page 1 (Total records matching filter: 304)
2026-08-11 19:17:26.944 +05:30 [INF] HTTP GET /api/TradeBlotter responded 200 in 142.7567 ms
2026-08-11 19:17:26.998 +05:30 [INF] Fetched 10 trade items for Page 1 (Total records matching filter: 304)
2026-08-11 19:17:27.000 +05:30 [INF] HTTP GET /api/TradeBlotter responded 200 in 53.9978 ms
2026-08-11 19:17:33.054 +05:30 [INF] Fetched 10 trade items for Page 1 (Total records matching filter: 80)
2026-08-11 19:17:33.056 +05:30 [INF] HTTP GET /api/TradeBlotter responded 200 in 98.9563 ms
2026-08-11 19:17:35.525 +05:30 [INF] Fetched 10 trade items for Page 1 (Total records matching filter: 16)
2026-08-11 19:17:35.527 +05:30 [INF] HTTP GET /api/TradeBlotter responded 200 in 115.9401 ms
2026-08-11 19:17:38.473 +05:30 [INF] Fetched 0 trade items for Page 1 (Total records matching filter: 0)
2026-08-11 19:17:38.475 +05:30 [INF] HTTP GET /api/TradeBlotter responded 200 in 98.4249 ms
